<metadata xml:lang="en"><Esri><CreaDate>20090429</CreaDate><CreaTime>08292300</CreaTime><SyncOnce>FALSE</SyncOnce><DataProperties><lineage><Process Name="DeleteFeatures_5" ToolSource="C:\Program Files\ArcGIS\ArcToolbox\Toolboxes\Data Management Tools.tbx\DeleteFeatures" Date="20070626" Time="142218" export="">DeleteFeatures "Database Connections\DC_U100@SGID@GRDB01SPR.sde\SGID.U100.Energy\SGID.U100.DNROilGasFields" "Database Connections\DC_U100@SGID@GRDB01SPR.sde\SGID.U100.Energy\SGID.U100.DNROilGasFields"</Process><Process ToolSource="C:\Program Files\ArcGIS\ArcToolbox\Toolboxes\Data Management Tools.tbx\DeleteFeatures" Date="20080404" Time="134636" Name="" export="">DeleteFeatures "Database Connections\DC_U100@SGID@GRDB01SPR.sde\SGID.U100.Energy\SGID.U100.DNROilGasUnits" "Database Connections\DC_U100@SGID@GRDB01SPR.sde\SGID.U100.Energy\SGID.U100.DNROilGasUnits"</Process><Process ToolSource="C:\Program Files\ArcGIS\ArcToolbox\Toolboxes\Data Management Tools.tbx\DeleteFeatures" Date="20081216" Time="133202" Name="" export="">DeleteFeatures U100.DNROilGasUnits_Layer U100.DNROilGasUnits_Layer</Process><Process ToolSource="C:\Program Files\ArcGIS\ArcToolbox\Toolboxes\Data Management Tools.tbx\DeleteFeatures" Date="20091207" Time="141957" Name="" export="">DeleteFeatures ENERGY.DNROilGasUnits_Layer ENERGY.DNROilGasUnits_Layer</Process><Process ToolSource="C:\Program Files\ArcGIS\ArcToolbox\Toolboxes\Data Management Tools.tbx\DeleteFeatures" Date="20100301" Time="104218" Name="" export="">DeleteFeatures ENERGY.DNROilGasUnits_Layer ENERGY.DNROilGasUnits_Layer</Process><Process ToolSource="C:\Program Files\ArcGIS\ArcToolbox\Toolboxes\Data Management Tools.tbx\DeleteFeatures" Date="20100714" Time="084641" Name="" export="">DeleteFeatures ENERGY.DNROilGasUnits_Layer ENERGY.DNROilGasUnits_Layer</Process><Process ToolSource="C:\Program Files (x86)\ArcGIS\Desktop10.0\ArcToolbox\Toolboxes\Data Management Tools.tbx\DeleteFeatures" Date="20101104" Time="084913" Name="" export="">DeleteFeatures ENERGY.DNROilGasUnits_Layer</Process><Process ToolSource="C:\Program Files (x86)\ArcGIS\Desktop10.0\ArcToolbox\Toolboxes\Data Management Tools.tbx\DeleteFeatures" Date="20110222" Time="124612" Name="" export="">DeleteFeatures ENERGY.DNROilGasUnits_Layer</Process><Process ToolSource="C:\Program Files (x86)\ArcGIS\Desktop10.0\ArcToolbox\Toolboxes\Data Management Tools.tbx\DeleteFeatures" Date="20110504" Time="162004" Name="" export="">DeleteFeatures ENERGY.DNROilGasUnits_Layer</Process><Process ToolSource="C:\Program Files\ArcGIS\Desktop10.0\ArcToolbox\Toolboxes\Data Management Tools.tbx\CopyFeatures" Date="20110809" Time="151837" Name="" export="">CopyFeatures "Database Connections\DC_Energy@SGID93@gdb93.agrc.utah.gov.sde\SGID93.ENERGY.DNROilGasUnits" "Database Connections\DC_Energy@SGID10@gdb10.agrc.utah.gov.sde\SGID10.ENERGY.DNROilGasUnits" # 0 0 0</Process><Process ToolSource="C:\Program Files\ArcGIS\Desktop10.0\ArcToolbox\Toolboxes\Data Management Tools.tbx\ChangePrivileges" Date="20110810" Time="072851" Name="" export="">ChangePrivileges 'Database Connections\DC_Energy@SGID10@gdb10.agrc.utah.gov.sde\SGID10.ENERGY.UREZPhase2_ZoneBoundaries';'Database Connections\DC_Energy@SGID10@gdb10.agrc.utah.gov.sde\SGID10.ENERGY.Coal_4FootSeams';'Database Connections\DC_Energy@SGID10@gdb10.agrc.utah.gov.sde\SGID10.ENERGY.CoalDepositAreas1988';'Database Connections\DC_Energy@SGID10@gdb10.agrc.utah.gov.sde\SGID10.ENERGY.CoalLeases';'Database Connections\DC_Energy@SGID10@gdb10.agrc.utah.gov.sde\SGID10.ENERGY.CoalMines_UGS';'Database Connections\DC_Energy@SGID10@gdb10.agrc.utah.gov.sde\SGID10.ENERGY.DNROilGasFields';'Database Connections\DC_Energy@SGID10@gdb10.agrc.utah.gov.sde\SGID10.ENERGY.DNROilGasUnits';'Database Connections\DC_Energy@SGID10@gdb10.agrc.utah.gov.sde\SGID10.ENERGY.DNROilGasWells';'Database Connections\DC_Energy@SGID10@gdb10.agrc.utah.gov.sde\SGID10.ENERGY.DNROilGasWells_HDBottom';'Database Connections\DC_Energy@SGID10@gdb10.agrc.utah.gov.sde\SGID10.ENERGY.DNROilGasWells_HDPath';'Database Connections\DC_Energy@SGID10@gdb10.agrc.utah.gov.sde\SGID10.ENERGY.DNROilGasWellsold';'Database Connections\DC_Energy@SGID10@gdb10.agrc.utah.gov.sde\SGID10.ENERGY.EnergyCorridorAreas';'Database Connections\DC_Energy@SGID10@gdb10.agrc.utah.gov.sde\SGID10.ENERGY.EnergyCorridorCenterline';'Database Connections\DC_Energy@SGID10@gdb10.agrc.utah.gov.sde\SGID10.ENERGY.EnergyResourcesLine';'Database Connections\DC_Energy@SGID10@gdb10.agrc.utah.gov.sde\SGID10.ENERGY.EnergyResourcesPoint';'Database Connections\DC_Energy@SGID10@gdb10.agrc.utah.gov.sde\SGID10.ENERGY.EnergyResourcesPoly';'Database Connections\DC_Energy@SGID10@gdb10.agrc.utah.gov.sde\SGID10.ENERGY.GasFields';'Database Connections\DC_Energy@SGID10@gdb10.agrc.utah.gov.sde\SGID10.ENERGY.GeothermalLeases_Utah';'Database Connections\DC_Energy@SGID10@gdb10.agrc.utah.gov.sde\SGID10.ENERGY.OilFields';'Database Connections\DC_Energy@SGID10@gdb10.agrc.utah.gov.sde\SGID10.ENERGY.OilGasPipelines_UGS';'Database Connections\DC_Energy@SGID10@gdb10.agrc.utah.gov.sde\SGID10.ENERGY.PermittedUraniumMines';'Database Connections\DC_Energy@SGID10@gdb10.agrc.utah.gov.sde\SGID10.ENERGY.PowerPlants_CO2';'Database Connections\DC_Energy@SGID10@gdb10.agrc.utah.gov.sde\SGID10.ENERGY.TarSands';'Database Connections\DC_Energy@SGID10@gdb10.agrc.utah.gov.sde\SGID10.ENERGY.UraniumAreaBoundaries';'Database Connections\DC_Energy@SGID10@gdb10.agrc.utah.gov.sde\SGID10.ENERGY.UraniumDistricts_UGS';'Database Connections\DC_Energy@SGID10@gdb10.agrc.utah.gov.sde\SGID10.ENERGY.UraniumMills';'Database Connections\DC_Energy@SGID10@gdb10.agrc.utah.gov.sde\SGID10.ENERGY.UraniumPastProducers';'Database Connections\DC_Energy@SGID10@gdb10.agrc.utah.gov.sde\SGID10.ENERGY.UREZPhase1_GeothermalZones';'Database Connections\DC_Energy@SGID10@gdb10.agrc.utah.gov.sde\SGID10.ENERGY.UREZPhase1_SolarZones';'Database Connections\DC_Energy@SGID10@gdb10.agrc.utah.gov.sde\SGID10.ENERGY.UREZPhase1_Transmission';'Database Connections\DC_Energy@SGID10@gdb10.agrc.utah.gov.sde\SGID10.ENERGY.UREZPhase1_WindDrainage';'Database Connections\DC_Energy@SGID10@gdb10.agrc.utah.gov.sde\SGID10.ENERGY.UREZPhase1_WindZones';'Database Connections\DC_Energy@SGID10@gdb10.agrc.utah.gov.sde\SGID10.ENERGY.UREZPhase2_ConceptualTransmission';'Database Connections\DC_Energy@SGID10@gdb10.agrc.utah.gov.sde\SGID10.ENERGY.UREZPhase2_Geothermal' agrc GRANT AS_IS</Process><Process ToolSource="C:\Program Files\ArcGIS\Desktop10.0\ArcToolbox\Toolboxes\Data Management Tools.tbx\DeleteFeatures" Date="20110822" Time="092407" Name="" export="">DeleteFeatures "Database Connections\DC_Energy@SGID10@gdb10.agrc.utah.gov.sde\SGID10.ENERGY.DNROilGasUnits"</Process><Process ToolSource="C:\Program Files (x86)\ArcGIS\Desktop10.0\ArcToolbox\Toolboxes\Data Management Tools.tbx\Analyze" Date="20111017" Time="093659" Name="" export="">Analyze "Database Connections\DC_sdeadmin@sgid10@itdb104sp.dts.utah.gov.sde\SGID10.ENERGY.DNROilGasUnits" BUSINESS;FEATURE;ADDS;DELETES</Process><Process ToolSource="C:\Program Files (x86)\ArcGIS\Desktop10.0\ArcToolbox\Toolboxes\Data Management Tools.tbx\Analyze" Date="20120226" Time="010637" Name="" export="">Analyze "Database Connections\DC_sdeadmin@SGID10@itdb104sp.dts.utah.gov.sde\SGID10.ENERGY.DNROilGasUnits" BUSINESS;FEATURE;ADDS;DELETES</Process><Process ToolSource="c:\program files (x86)\arcgis\desktop10.0\ArcToolbox\Toolboxes\Data Management Tools.tbx\DeleteFeatures" Date="20120319" Time="111329" Name="" export="">DeleteFeatures "Database Connections\DC_Energy@SGID10@gdb10.agrc.utah.gov.sde\SGID10.ENERGY.DNROilGasUnits"</Process><Process ToolSource="c:\program files (x86)\arcgis\desktop10.0\ArcToolbox\Toolboxes\Data Management Tools.tbx\DeleteFeatures" Date="20120614" Time="163310" Name="" export="">DeleteFeatures "Database Connections\DC_Energy@SGID10@gdb10.agrc.utah.gov.sde\SGID10.ENERGY.DNROilGasUnits"</Process><Process ToolSource="c:\program files (x86)\arcgis\desktop10.1\ArcToolbox\Toolboxes\Data Management Tools.tbx\TruncateTable" Date="20131001" Time="155136" Name="" export="">TruncateTable "Database Connections\DC_Energy@SGID10@itdb104sp.dts.utah.gov.sde\SGID10.ENERGY.DNROilGasUnits"</Process><Process ToolSource="c:\program files (x86)\arcgis\desktop10.1\ArcToolbox\Toolboxes\Data Management Tools.tbx\TruncateTable" Date="20131016" Time="100559" Name="" export="">TruncateTable "Database Connections\DC_Energy@SGID10@itdb104sp.dts.utah.gov.sde\SGID10.ENERGY.DNROilGasUnits"</Process><Process ToolSource="c:\program files (x86)\arcgis\desktop10.2\ArcToolbox\Toolboxes\Data Management Tools.tbx\ChangePrivileges" Date="20140107" Time="132244">ChangePrivileges 'Database Connections\SGID_Energy@SGID10@itdb104sp.dts.utah.gov.sde\SGID10.ENERGY.DNROilGasWells_HDBottom';'Database Connections\SGID_Energy@SGID10@itdb104sp.dts.utah.gov.sde\SGID10.ENERGY.DNROilGasWells_HDPath';'Database Connections\SGID_Energy@SGID10@itdb104sp.dts.utah.gov.sde\SGID10.ENERGY.EnergyCorridorCenterline';'Database Connections\SGID_Energy@SGID10@itdb104sp.dts.utah.gov.sde\SGID10.ENERGY.GeothermalLeases_Utah';'Database Connections\SGID_Energy@SGID10@itdb104sp.dts.utah.gov.sde\SGID10.ENERGY.PermittedUraniumMines';'Database Connections\SGID_Energy@SGID10@itdb104sp.dts.utah.gov.sde\SGID10.ENERGY.Coal_4FootSeams';'Database Connections\SGID_Energy@SGID10@itdb104sp.dts.utah.gov.sde\SGID10.ENERGY.CoalDepositAreas1988';'Database Connections\SGID_Energy@SGID10@itdb104sp.dts.utah.gov.sde\SGID10.ENERGY.EnergyCorridorAreas';'Database Connections\SGID_Energy@SGID10@itdb104sp.dts.utah.gov.sde\SGID10.ENERGY.EnergyResourcesLine';'Database Connections\SGID_Energy@SGID10@itdb104sp.dts.utah.gov.sde\SGID10.ENERGY.EnergyResourcesPoint';'Database Connections\SGID_Energy@SGID10@itdb104sp.dts.utah.gov.sde\SGID10.ENERGY.EnergyResourcesPoly';'Database Connections\SGID_Energy@SGID10@itdb104sp.dts.utah.gov.sde\SGID10.ENERGY.PowerPlants_CO2';'Database Connections\SGID_Energy@SGID10@itdb104sp.dts.utah.gov.sde\SGID10.ENERGY.UraniumAreaBoundaries';'Database Connections\SGID_Energy@SGID10@itdb104sp.dts.utah.gov.sde\SGID10.ENERGY.UraniumDistricts_UGS';'Database Connections\SGID_Energy@SGID10@itdb104sp.dts.utah.gov.sde\SGID10.ENERGY.CoalLeases';'Database Connections\SGID_Energy@SGID10@itdb104sp.dts.utah.gov.sde\SGID10.ENERGY.CoalMines_UGS';'Database Connections\SGID_Energy@SGID10@itdb104sp.dts.utah.gov.sde\SGID10.ENERGY.DNROilGasFields';'Database Connections\SGID_Energy@SGID10@itdb104sp.dts.utah.gov.sde\SGID10.ENERGY.DNROilGasUnits';'Database Connections\SGID_Energy@SGID10@itdb104sp.dts.utah.gov.sde\SGID10.ENERGY.DNROilGasWells';'Database Connections\SGID_Energy@SGID10@itdb104sp.dts.utah.gov.sde\SGID10.ENERGY.UraniumMills';'Database Connections\SGID_Energy@SGID10@itdb104sp.dts.utah.gov.sde\SGID10.ENERGY.UraniumPastProducers';'Database Connections\SGID_Energy@SGID10@itdb104sp.dts.utah.gov.sde\SGID10.ENERGY.UREZPhase1_GeothermalZones';'Database Connections\SGID_Energy@SGID10@itdb104sp.dts.utah.gov.sde\SGID10.ENERGY.TarSands';'Database Connections\SGID_Energy@SGID10@itdb104sp.dts.utah.gov.sde\SGID10.ENERGY.UREZPhase1_SolarZones';'Database Connections\SGID_Energy@SGID10@itdb104sp.dts.utah.gov.sde\SGID10.ENERGY.UREZPhase1_Transmission';'Database Connections\SGID_Energy@SGID10@itdb104sp.dts.utah.gov.sde\SGID10.ENERGY.UREZPhase1_WindDrainage';'Database Connections\SGID_Energy@SGID10@itdb104sp.dts.utah.gov.sde\SGID10.ENERGY.UREZPhase1_WindZones';'Database Connections\SGID_Energy@SGID10@itdb104sp.dts.utah.gov.sde\SGID10.ENERGY.UREZPhase2_ConceptualTransmission';'Database Connections\SGID_Energy@SGID10@itdb104sp.dts.utah.gov.sde\SGID10.ENERGY.UREZPhase2_Geothermal';'Database Connections\SGID_Energy@SGID10@itdb104sp.dts.utah.gov.sde\SGID10.ENERGY.UREZPhase2_ZoneBoundaries' SearchAPI GRANT #</Process><Process ToolSource="c:\program files (x86)\arcgis\desktop10.2\ArcToolbox\Toolboxes\Data Management Tools.tbx\TruncateTable" Date="20141114" Time="112252">TruncateTable "Database Connections\SGID_Energy@SGID10@itdb104sp.dts.utah.gov.sde\SGID10.ENERGY.DNROilGasUnits"</Process><Process ToolSource="c:\program files (x86)\arcgis\desktop10.2\ArcToolbox\Toolboxes\Data Management Tools.tbx\TruncateTable" Date="20150402" Time="145511">TruncateTable "Database Connections\SGID_Energy@SGID10@itdb104sp.dts.utah.gov.sde\SGID10.ENERGY.DNROilGasUnits"</Process><Process ToolSource="c:\program files (x86)\arcgis\desktop10.3\ArcToolbox\Toolboxes\Data Management Tools.tbx\CopyFeatures" Date="20170906" Time="114429">CopyFeatures "Database Connections\Connection to sgid.agrc.utah.gov.sde\SGID10.ENERGY.DNROilGasUnits" C:\GisWork\temp\DOGMOilAndGasResources\DNROilGasUnits\DNROilGasUnits.shp # 0 0 0</Process></lineage><itemProps><itemName Sync="TRUE">DNROilGasUnits</itemName><imsContentType Sync="TRUE">002</imsContentType><nativeExtBox><westBL Sync="TRUE">332691.430000</westBL><eastBL Sync="TRUE">673818.360000</eastBL><southBL Sync="TRUE">4113007.680000</southBL><northBL Sync="TRUE">4640010.050000</northBL><exTypeCode Sync="TRUE">1</exTypeCode></nativeExtBox><itemLocation><linkage Sync="TRUE">file://\\SEDTS-V0E8-1BK4\C$\GisWork\temp\DOGMOilAndGasResources\DNROilGasUnits\DNROilGasUnits.shp</linkage><protocol Sync="TRUE">Local Area Network</protocol></itemLocation><itemSize Sync="TRUE">0.000</itemSize></itemProps><coordRef><type Sync="TRUE">Projected</type><geogcsn Sync="TRUE">GCS_North_American_1983</geogcsn><projcsn Sync="TRUE">NAD_1983_UTM_Zone_12N</projcsn><peXml Sync="TRUE">&lt;ProjectedCoordinateSystem xsi:type='typens:ProjectedCoordinateSystem' xmlns:xsi='http://www.w3.org/2001/XMLSchema-instance' xmlns:xs='http://www.w3.org/2001/XMLSchema' xmlns:typens='http://www.esri.com/schemas/ArcGIS/10.3'&gt;&lt;WKT&gt;PROJCS[&amp;quot;NAD_1983_UTM_Zone_12N&amp;quot;,GEOGCS[&amp;quot;GCS_North_American_1983&amp;quot;,DATUM[&amp;quot;D_North_American_1983&amp;quot;,SPHEROID[&amp;quot;GRS_1980&amp;quot;,6378137.0,298.257222101]],PRIMEM[&amp;quot;Greenwich&amp;quot;,0.0],UNIT[&amp;quot;Degree&amp;quot;,0.0174532925199433]],PROJECTION[&amp;quot;Transverse_Mercator&amp;quot;],PARAMETER[&amp;quot;False_Easting&amp;quot;,500000.0],PARAMETER[&amp;quot;False_Northing&amp;quot;,0.0],PARAMETER[&amp;quot;Central_Meridian&amp;quot;,-111.0],PARAMETER[&amp;quot;Scale_Factor&amp;quot;,0.9996],PARAMETER[&amp;quot;Latitude_Of_Origin&amp;quot;,0.0],UNIT[&amp;quot;Meter&amp;quot;,1.0],AUTHORITY[&amp;quot;EPSG&amp;quot;,26912]]&lt;/WKT&gt;&lt;XOrigin&gt;-5120900&lt;/XOrigin&gt;&lt;YOrigin&gt;-9998100&lt;/YOrigin&gt;&lt;XYScale&gt;450445547.3910538&lt;/XYScale&gt;&lt;ZOrigin&gt;-100000&lt;/ZOrigin&gt;&lt;ZScale&gt;10000&lt;/ZScale&gt;&lt;MOrigin&gt;-100000&lt;/MOrigin&gt;&lt;MScale&gt;10000&lt;/MScale&gt;&lt;XYTolerance&gt;0.001&lt;/XYTolerance&gt;&lt;ZTolerance&gt;0.001&lt;/ZTolerance&gt;&lt;MTolerance&gt;0.001&lt;/MTolerance&gt;&lt;HighPrecision&gt;true&lt;/HighPrecision&gt;&lt;WKID&gt;26912&lt;/WKID&gt;&lt;LatestWKID&gt;26912&lt;/LatestWKID&gt;&lt;/ProjectedCoordinateSystem&gt;</peXml><csUnits Sync="TRUE">Linear Unit: Meter (1.000000)</csUnits></coordRef></DataProperties><SyncDate>20170906</SyncDate><SyncTime>11442800</SyncTime><ModDate>20170906</ModDate><ModTime>11442800</ModTime><MetaID>{D7BB6BC7-7A90-4054-B094-58249C7B3C41}</MetaID><scaleRange><minScale>150000000</minScale><maxScale>5000</maxScale></scaleRange><ArcGISProfile>ItemDescription</ArcGISProfile></Esri><idinfo><native Sync="TRUE">Microsoft Windows XP Version 5.1 (Build 2600) Service Pack 3; ESRI ArcCatalog 9.3.1.1850</native><descript><langdata Sync="TRUE">en</langdata><abstract>Utah Oil and Gas UnitPolygons from the Utah Department of Natural Resources, Oil Gas and Mining Division. http://ogm.utah.gov</abstract><purpose>Depict Oil and Gas Unit polygons. This dataset will be updated as new information is provided by DNR-OGM.  Dataset last updated 12/18/2013.</purpose></descript><citation><citeinfo><origin>Utah Division of Oil Gas and Mining</origin><pubdate>20120731</pubdate><title>SGID10.ENERGY.DNROilGasUnits</title><ftname Sync="TRUE">SGID93.ENERGY.DNROilGasUnits</ftname><geoform Sync="TRUE">vector digital data</geoform><onlink>http://gis.utah.gov/data/energy/oil-gas/</onlink></citeinfo></citation><timeperd><timeinfo><sngdate><caldate>20120731</caldate></sngdate></timeinfo><current>publication date</current></timeperd><status><progress>In work</progress><update>As needed</update></status><spdom><bounding><westbc Sync="TRUE">-113.016826</westbc><eastbc Sync="TRUE">-108.904752</eastbc><northbc Sync="TRUE">41.912039</northbc><southbc Sync="TRUE">37.147313</southbc></bounding><lboundng><leftbc Sync="TRUE">332691.430000</leftbc><rightbc Sync="TRUE">673818.360000</rightbc><bottombc Sync="TRUE">4113007.680000</bottombc><topbc Sync="TRUE">4640010.050000</topbc></lboundng></spdom><keywords><theme><themekt>REQUIRED: Reference to a formally registered thesaurus or a similar authoritative source of theme keywords.</themekt><themekey>oil</themekey><themekey>gas</themekey><themekey>well</themekey><themekey>units</themekey><themekey>mining</themekey><themekey>natural resources</themekey><themekey>lease</themekey><themekey>extraction</themekey></theme></keywords><accconst>none</accconst><useconst>Data released to the Receiving Agency (RA) remains the property 
of the originating data source (see Source_Information) and cannot be reproduced 
for sale by the RA without the written consent of that data source.  Redistribution 
of datasets unchanged as obtained from the AGRC and without fee is allowed. Any 
hardcopies utilizing these data sets shall clearly indicate their source.  If 
the RA has modified the data in any way, they are obligated to describe the types 
of modifications they have performed on the hardcopy map.  RA specifically agrees 
not to misrepresent these data sets, nor to imply that changes they made were approved by the AGRC.

The Utah Automated Geographic Reference Center (AGRC) has adopted the following spatial data disclaimer to 
be explicitly included or referenced in all geospatial data, mapping products, and services created or hosted at AGRC 
including the contents of State Geographic Information Database (SGID). 
This product is for informational purposes and may not have been prepared for, or be suitable for legal, engineering, or surveying purposes. 
Users of this information should review or consult the primary data and information sources to ascertain the usability of the information. AGRC 
provides these data in good faith and shall in no event be liable for any incorrect results, any lost profits and special, indirect or consequential 
damages to any party, arising out of or in connection with the use or the inability to use the data hereon or the services provided.  AGRC provides these data 
and services as a convenience to the public.  Further more, AGRC reserves the right to change or revise published data and/or these services at any time.Furthermore, it is the official policy of the AGRC: 
·	that the adopted disclaimer be used on all hard copy maps produced from geospatial data, and that the date and source of the data be included on the map; 
·	that spatial data producers be allowed to extend the adopted disclaimer with additional language further defining the limits of their liability; 
·	that a more robust disclaimer may be used in conjunction with any and all geospatial data published on the Internet, on a separate page preceding access to the data, with an accept/reject option for users; 
·	that standardized metadata be included with any distribution of all geospatial data; and 
·	that the disclaimer above may be used as a blanket disclaimer for documents containing a number of small maps.</useconst><natvform Sync="TRUE">SDE Feature Class</natvform><ptcontac><cntinfo><cntemail>danjarvis@utah.gov</cntemail><cntperp><cntper>Dan Jarvis or Dan Smith</cntper><cntorg>DNR-OGM</cntorg></cntperp><cntemail>danielsmith@utah.gov</cntemail></cntinfo></ptcontac></idinfo><dataIdInfo><envirDesc Sync="TRUE">Microsoft Windows 7 Version 6.1 (Build 7601) Service Pack 1; Esri ArcGIS 10.3.1.4959</envirDesc><dataLang><languageCode Sync="TRUE" value="eng" country="US"/><countryCode value="USA" Sync="TRUE"/></dataLang><idCitation><resTitle Sync="TRUE">DNROilGasUnits</resTitle><presForm><PresFormCd Sync="TRUE" value="005"/></presForm></idCitation><spatRpType><SpatRepTypCd Sync="TRUE" value="001"/></spatRpType><dataExt><geoEle xmlns=""><GeoBndBox esriExtentType="search"><westBL Sync="TRUE">-113.016826</westBL><eastBL Sync="TRUE">-108.904752</eastBL><northBL Sync="TRUE">41.912039</northBL><southBL Sync="TRUE">37.147313</southBL><exTypeCode Sync="TRUE">1</exTypeCode></GeoBndBox></geoEle></dataExt><geoBox esriExtentType="decdegrees"><westBL Sync="TRUE">-113.016826</westBL><eastBL Sync="TRUE">-108.904752</eastBL><northBL Sync="TRUE">41.912039</northBL><southBL Sync="TRUE">37.147313</southBL><exTypeCode Sync="TRUE">1</exTypeCode></geoBox><descKeys><thesaName uuidref="723f6998-058e-11dc-8314-0800200c9a66"/><keyword Sync="TRUE">002</keyword></descKeys><idPurp>Depict Oil and Gas Unit polygons. This dataset will be updated as new information is provided by DNR-OGM.  Dataset last updated 12/18/2013.</idPurp><idAbs>&lt;DIV STYLE="text-align:Left;"&gt;&lt;DIV&gt;&lt;P&gt;&lt;SPAN&gt;Utah Oil and Gas UnitPolygons from the Utah Department of Natural Resources, Oil Gas and Mining Division. http://ogm.utah.gov&lt;/SPAN&gt;&lt;/P&gt;&lt;/DIV&gt;&lt;/DIV&gt;</idAbs><searchKeys><keyword>oil</keyword><keyword>gas</keyword><keyword>well</keyword><keyword>units</keyword><keyword>mining</keyword><keyword>natural resources</keyword><keyword>lease</keyword><keyword>extraction</keyword></searchKeys><resConst><Consts><useLimit>&lt;DIV STYLE="text-align:Left;"&gt;&lt;DIV&gt;&lt;P&gt;&lt;SPAN&gt;Data released to the Receiving Agency (RA) remains the property of the originating data source (see Source_Information) and cannot be reproduced for sale by the RA without the written consent of that data source. Redistribution of datasets unchanged as obtained from the AGRC and without fee is allowed. Any hardcopies utilizing these data sets shall clearly indicate their source. If the RA has modified the data in any way, they are obligated to describe the types of modifications they have performed on the hardcopy map. RA specifically agrees not to misrepresent these data sets, nor to imply that changes they made were approved by the AGRC. The Utah Automated Geographic Reference Center (AGRC) has adopted the following spatial data disclaimer to be explicitly included or referenced in all geospatial data, mapping products, and services created or hosted at AGRC including the contents of State Geographic Information Database (SGID). This product is for informational purposes and may not have been prepared for, or be suitable for legal, engineering, or surveying purposes. Users of this information should review or consult the primary data and information sources to ascertain the usability of the information. AGRC provides these data in good faith and shall in no event be liable for any incorrect results, any lost profits and special, indirect or consequential damages to any party, arising out of or in connection with the use or the inability to use the data hereon or the services provided.  AGRC provides these data and services as a convenience to the public.  Further more, AGRC reserves the right to change or revise published data and/or these services at any time.Furthermore, it is the official policy of the AGRC: · that the adopted disclaimer be used on all hard copy maps produced from geospatial data, and that the date and source of the data be included on the map; · that spatial data producers be allowed to extend the adopted disclaimer with additional language further defining the limits of their liability; · that a more robust disclaimer may be used in conjunction with any and all geospatial data published on the Internet, on a separate page preceding access to the data, with an accept/reject option for users; · that standardized metadata be included with any distribution of all geospatial data; and · that the disclaimer above may be used as a blanket disclaimer for documents containing a number of small maps.&lt;/SPAN&gt;&lt;/P&gt;&lt;/DIV&gt;&lt;/DIV&gt;</useLimit></Consts></resConst></dataIdInfo><metainfo><langmeta Sync="TRUE">en</langmeta><metstdn Sync="TRUE">FGDC Content Standards for Digital Geospatial Metadata</metstdn><metstdv Sync="TRUE">FGDC-STD-001-1998</metstdv><mettc Sync="TRUE">local time</mettc><metc><cntinfo><cntorgp><cntper>REQUIRED: The person responsible for the metadata information.</cntper><cntorg>REQUIRED: The organization responsible for the metadata information.</cntorg></cntorgp><cntaddr><addrtype>REQUIRED: The mailing and/or physical address for the organization or individual.</addrtype><city>REQUIRED: The city of the address.</city><state>REQUIRED: The state or province of the address.</state><postal>REQUIRED: The ZIP or other postal code of the address.</postal></cntaddr><cntvoice>REQUIRED: The telephone number by which individuals can speak to the organization or individual.</cntvoice></cntinfo></metc><metd Sync="TRUE">20101108</metd></metainfo><mdLang><languageCode Sync="TRUE" value="eng"/><countryCode value="USA" Sync="TRUE"/></mdLang><mdStanName Sync="TRUE">ISO 19115 Geographic Information - Metadata</mdStanName><mdStanVer Sync="TRUE">DIS_ESRI1.0</mdStanVer><mdChar><CharSetCd Sync="TRUE" value="004"/></mdChar><mdHrLv><ScopeCd Sync="TRUE" value="005"/></mdHrLv><mdHrLvName Sync="TRUE">dataset</mdHrLvName><distinfo><distrib><cntinfo><cntaddr><addrtype>mailing and physical address</addrtype><address>5130 State Office Building</address><city>Salt Lake City</city><state>Utah</state><postal>84114</postal><country>USA</country></cntaddr><cntvoice>(801) 538-3665</cntvoice><cntfax>(801) 538-3317</cntfax><cntemail>agrc@utah.gov</cntemail><cntorgp><cntorg>Automated Geographic Reference Center</cntorg><cntper>AGRC</cntper></cntorgp><hours>8-5</hours></cntinfo></distrib><resdesc Sync="TRUE">Downloadable Data</resdesc></distinfo><spdoinfo><direct Sync="TRUE">Vector</direct><ptvctinf><esriterm Name="DNROilGasUnits"><efeatyp Sync="TRUE">Simple</efeatyp><efeageom code="4" Sync="TRUE"></efeageom><esritopo Sync="TRUE">FALSE</esritopo><efeacnt Sync="TRUE">0</efeacnt><spindex Sync="TRUE">FALSE</spindex><linrefer Sync="TRUE">FALSE</linrefer></esriterm></ptvctinf></spdoinfo><spref><horizsys><cordsysn><geogcsn Sync="TRUE">GCS_North_American_1983</geogcsn><projcsn Sync="TRUE">NAD_1983_UTM_Zone_12N</projcsn></cordsysn><planar><planci><plance Sync="TRUE">coordinate pair</plance><plandu Sync="TRUE">meters</plandu><coordrep><absres Sync="TRUE">0.010000</absres><ordres Sync="TRUE">0.010000</ordres></coordrep></planci></planar><geodetic><horizdn Sync="TRUE">North American Datum of 1983</horizdn><ellips Sync="TRUE">Geodetic Reference System 80</ellips><semiaxis Sync="TRUE">6378137.000000</semiaxis><denflat Sync="TRUE">298.257222</denflat></geodetic></horizsys><vertdef><altsys><altenc Sync="TRUE">Explicit elevation coordinate included with horizontal coordinates</altenc><altres Sync="TRUE">1.000000</altres></altsys></vertdef></spref><refSysInfo><RefSystem><refSysID><identCode Sync="TRUE" code="26912">NAD_1983_UTM_Zone_12N</identCode><idCodeSpace Sync="TRUE">EPSG</idCodeSpace><idVersion Sync="TRUE">8.6.2</idVersion></refSysID></RefSystem></refSysInfo><spatRepInfo><VectSpatRep><geometObjs Name="DNROilGasUnits"><geoObjTyp><GeoObjTypCd value="002" Sync="TRUE"></GeoObjTypCd></geoObjTyp><geoObjCnt Sync="TRUE">0</geoObjCnt></geometObjs><topLvl><TopoLevCd value="001" Sync="TRUE"></TopoLevCd></topLvl></VectSpatRep></spatRepInfo><eainfo><detailed Name="DNROilGasUnits"><attr><attrlabl Sync="TRUE">BLM_CONTR</attrlabl><attalias Sync="TRUE">BLM_CONTR</attalias><attrtype Sync="TRUE">String</attrtype><attwidth Sync="TRUE">16</attwidth><atprecis Sync="TRUE">0</atprecis><attscale Sync="TRUE">0</attscale></attr><attr><attrlabl Sync="TRUE">FID</attrlabl><attalias Sync="TRUE">FID</attalias><attrtype Sync="TRUE">OID</attrtype><attwidth Sync="TRUE">4</attwidth><atprecis Sync="TRUE">0</atprecis><attscale Sync="TRUE">0</attscale><attrdef Sync="TRUE">Internal feature number.</attrdef><attrdefs Sync="TRUE">Esri</attrdefs><attrdomv><udom Sync="TRUE">Sequential unique whole numbers that are automatically generated.</udom></attrdomv></attr><attr><attrlabl Sync="TRUE">COUNTY</attrlabl><attalias Sync="TRUE">COUNTY</attalias><attrtype Sync="TRUE">String</attrtype><attwidth Sync="TRUE">15</attwidth><atprecis Sync="TRUE">0</atprecis><attscale Sync="TRUE">0</attscale></attr><attr><attrlabl Sync="TRUE">UNITNAME</attrlabl><attalias Sync="TRUE">UNITNAME</attalias><attrtype Sync="TRUE">String</attrtype><attwidth Sync="TRUE">30</attwidth><atprecis Sync="TRUE">0</atprecis><attscale Sync="TRUE">0</attscale></attr><enttyp><enttypl Sync="TRUE">DNROilGasUnits</enttypl><enttypt Sync="TRUE">Feature Class</enttypt><enttypc Sync="TRUE">0</enttypc></enttyp><attr><attrlabl Sync="TRUE">PA_NAME</attrlabl><attalias Sync="TRUE">PA_NAME</attalias><attrtype Sync="TRUE">String</attrtype><attwidth Sync="TRUE">30</attwidth><atprecis Sync="TRUE">0</atprecis><attscale Sync="TRUE">0</attscale></attr><attr><attrlabl Sync="TRUE">STATUS</attrlabl><attalias Sync="TRUE">STATUS</attalias><attrtype Sync="TRUE">String</attrtype><attwidth Sync="TRUE">12</attwidth><atprecis Sync="TRUE">0</atprecis><attscale Sync="TRUE">0</attscale></attr><attr><attrlabl Sync="TRUE">OPERATOR</attrlabl><attalias Sync="TRUE">OPERATOR</attalias><attrtype Sync="TRUE">String</attrtype><attwidth Sync="TRUE">26</attwidth><atprecis Sync="TRUE">0</atprecis><attscale Sync="TRUE">0</attscale></attr><attr><attrlabl Sync="TRUE">ACRES</attrlabl><attalias Sync="TRUE">ACRES</attalias><attrtype Sync="TRUE">Double</attrtype><attwidth Sync="TRUE">10</attwidth><atprecis Sync="TRUE">9</atprecis><attscale Sync="TRUE">3</attscale></attr><attr><attrlabl Sync="TRUE">EFF_DATE</attrlabl><attalias Sync="TRUE">EFF_DATE</attalias><attrtype Sync="TRUE">Date</attrtype><attwidth Sync="TRUE">8</attwidth><atprecis Sync="TRUE">0</atprecis><attscale Sync="TRUE">0</attscale></attr><attr><attrlabl Sync="TRUE">INITAL_PA</attrlabl><attalias Sync="TRUE">INITAL_PA</attalias><attrtype Sync="TRUE">Date</attrtype><attwidth Sync="TRUE">8</attwidth><atprecis Sync="TRUE">0</atprecis><attscale Sync="TRUE">0</attscale></attr><attr><attrlabl Sync="TRUE">MOSS_SUB</attrlabl><attalias Sync="TRUE">MOSS_SUB</attalias><attrtype Sync="TRUE">String</attrtype><attwidth Sync="TRUE">16</attwidth><atprecis Sync="TRUE">0</atprecis><attscale Sync="TRUE">0</attscale></attr><attr><attrlabl Sync="TRUE">AFSNUM</attrlabl><attalias Sync="TRUE">AFSNUM</attalias><attrtype Sync="TRUE">String</attrtype><attwidth Sync="TRUE">15</attwidth><atprecis Sync="TRUE">0</atprecis><attscale Sync="TRUE">0</attscale></attr><attr><attrlabl Sync="TRUE">CONTR_DATE</attrlabl><attalias Sync="TRUE">CONTR_DATE</attalias><attrtype Sync="TRUE">Date</attrtype><attwidth Sync="TRUE">8</attwidth><atprecis Sync="TRUE">0</atprecis><attscale Sync="TRUE">0</attscale></attr><attr><attrlabl Sync="TRUE">FED_PERCEN</attrlabl><attalias Sync="TRUE">FED_PERCEN</attalias><attrtype Sync="TRUE">Single</attrtype><attwidth Sync="TRUE">6</attwidth><atprecis Sync="TRUE">5</atprecis><attscale Sync="TRUE">4</attscale></attr><attr><attrlabl Sync="TRUE">TOWNSHIP</attrlabl><attalias Sync="TRUE">TOWNSHIP</attalias><attrtype Sync="TRUE">Single</attrtype><attwidth Sync="TRUE">4</attwidth><atprecis Sync="TRUE">3</atprecis><attscale Sync="TRUE">1</attscale></attr><attr><attrlabl Sync="TRUE">TOWNSHIP_D</attrlabl><attalias Sync="TRUE">TOWNSHIP_D</attalias><attrtype Sync="TRUE">String</attrtype><attwidth Sync="TRUE">1</attwidth><atprecis Sync="TRUE">0</atprecis><attscale Sync="TRUE">0</attscale></attr><attr><attrlabl Sync="TRUE">RANGE</attrlabl><attalias Sync="TRUE">RANGE</attalias><attrtype Sync="TRUE">Single</attrtype><attwidth Sync="TRUE">4</attwidth><atprecis Sync="TRUE">3</atprecis><attscale Sync="TRUE">1</attscale></attr><attr><attrlabl Sync="TRUE">RANGE_D</attrlabl><attalias Sync="TRUE">RANGE_D</attalias><attrtype Sync="TRUE">String</attrtype><attwidth Sync="TRUE">1</attwidth><atprecis Sync="TRUE">0</atprecis><attscale Sync="TRUE">0</attscale></attr><attr><attrlabl Sync="TRUE">MERIDIAN</attrlabl><attalias Sync="TRUE">MERIDIAN</attalias><attrtype Sync="TRUE">SmallInteger</attrtype><attwidth Sync="TRUE">5</attwidth><atprecis Sync="TRUE">5</atprecis><attscale Sync="TRUE">0</attscale></attr><attr><attrlabl Sync="TRUE">PA_SUFFIX</attrlabl><attalias Sync="TRUE">PA_SUFFIX</attalias><attrtype Sync="TRUE">String</attrtype><attwidth Sync="TRUE">2</attwidth><atprecis Sync="TRUE">0</atprecis><attscale Sync="TRUE">0</attscale></attr><attr><attrlabl Sync="TRUE">DISTRICT</attrlabl><attalias Sync="TRUE">DISTRICT</attalias><attrtype Sync="TRUE">String</attrtype><attwidth Sync="TRUE">9</attwidth><atprecis Sync="TRUE">0</atprecis><attscale Sync="TRUE">0</attscale></attr><attr><attrlabl Sync="TRUE">TERM_DATE</attrlabl><attalias Sync="TRUE">TERM_DATE</attalias><attrtype Sync="TRUE">Date</attrtype><attwidth Sync="TRUE">8</attwidth><atprecis Sync="TRUE">0</atprecis><attscale Sync="TRUE">0</attscale></attr><attr><attrlabl Sync="TRUE">SHAPE</attrlabl><attalias Sync="TRUE">Shape</attalias><attrtype Sync="TRUE">Geometry</attrtype><attwidth Sync="TRUE">0</attwidth><atprecis Sync="TRUE">0</atprecis><attscale Sync="TRUE">0</attscale><attrdef Sync="TRUE">Feature geometry.</attrdef><attrdefs Sync="TRUE">ESRI</attrdefs><attrdomv><udom Sync="TRUE">Coordinates defining the features.</udom></attrdomv></attr><attr><attrlabl Sync="TRUE">SHAPE_area</attrlabl><attalias Sync="TRUE">SHAPE_area</attalias><attrtype Sync="TRUE">Double</attrtype><attwidth Sync="TRUE">19</attwidth><atprecis Sync="TRUE">0</atprecis><attscale Sync="TRUE">0</attscale><attrdef Sync="TRUE">Area of feature in internal units squared.</attrdef><attrdefs Sync="TRUE">Esri</attrdefs><attrdomv><udom Sync="TRUE">Positive real numbers that are automatically generated.</udom></attrdomv></attr><attr><attrlabl Sync="TRUE">SHAPE_len</attrlabl><attalias Sync="TRUE">SHAPE_len</attalias><attrtype Sync="TRUE">Double</attrtype><attwidth Sync="TRUE">19</attwidth><atprecis Sync="TRUE">0</atprecis><attscale Sync="TRUE">0</attscale></attr></detailed></eainfo><mdDateSt Sync="TRUE">20170906</mdDateSt><dataqual><lineage><procstep><procdesc Sync="TRUE">Metadata imported.</procdesc><srcused Sync="TRUE">C:\SGIDoil.xml</srcused><date Sync="TRUE">20070628</date><time Sync="TRUE">16450800</time></procstep><procstep><procdesc Sync="TRUE">Metadata imported.</procdesc><srcused Sync="TRUE">C:\temp\SGIDMetadataFixed\SGID.U100.DNROilGasUnits.xml</srcused><date Sync="TRUE">20070820</date><time Sync="TRUE">16404800</time></procstep><procstep><procdesc Sync="TRUE">Metadata imported.</procdesc><srcused Sync="TRUE">C:\temp\SGIDMetadataFixed\SGID.U100.DNROilGasUnits.xml</srcused><date Sync="TRUE">20071022</date><time Sync="TRUE">11383200</time></procstep><procstep><procdesc Sync="TRUE">Metadata imported.</procdesc><srcused Sync="TRUE">C:\temp\SGIDMetadataFixed\SGID.U100.DNROilGasUnits.xml</srcused><date Sync="TRUE">20071029</date><time Sync="TRUE">10592900</time></procstep><procstep><procdesc Sync="TRUE">Metadata imported.</procdesc><srcused Sync="TRUE">C:\temp\SGIDMetadataFixed\SGID.U100.DNROilGasUnits.xml</srcused><date Sync="TRUE">20071128</date><time Sync="TRUE">15213700</time></procstep><procstep><procdesc Sync="TRUE">Dataset copied.</procdesc><srcused Sync="TRUE">Server=direct_connect; Service=sde:sqlserver:168.177.18.211\AGRC; Database=SGID; User=agrc; Version=sde.DEFAULT</srcused><procdate Sync="TRUE">20090316</procdate><proctime Sync="TRUE">13175700</proctime></procstep><procstep><procdesc Sync="TRUE">Dataset copied.</procdesc><srcused Sync="TRUE">Server=direct_connect; Service=sde:sqlserver:itdb01sat.dts.utah.gov\agrctest; Database=SGID09; User=Energy; Version=sde.DEFAULT</srcused><procdate Sync="TRUE">20090429</procdate><proctime Sync="TRUE">08292300</proctime></procstep></lineage></dataqual><distInfo><distributor><distorTran><onLineSrc><orDesc Sync="TRUE">002</orDesc><linkage Sync="TRUE">Server=direct_connect; Service=sde:sqlserver:itdb104sp.dts.utah.gov; Database=SGID93; User=energy; Version=sde.DEFAULT</linkage><protocol Sync="TRUE">ArcSDE Connection</protocol></onLineSrc></distorTran><distorFormat><formatName Sync="TRUE">SDE Feature Class</formatName></distorFormat></distributor><distFormat><formatName Sync="TRUE">Shapefile</formatName></distFormat><distTranOps><transSize Sync="TRUE">0.000</transSize></distTranOps></distInfo></metadata>
