<metadata xml:lang="en"><Esri><CreaDate>20170626</CreaDate><CreaTime>11001400</CreaTime><ArcGISFormat>1.0</ArcGISFormat><SyncOnce>FALSE</SyncOnce><DataProperties><lineage><Process ToolSource="c:\program files\arcgis\pro\Resources\ArcToolbox\Toolboxes\Data Management Tools.tbx\DeleteRows" Date="20170626" Time="103503" Name="" export="">DeleteRows "c:\Program Files\ArcGIS\Pro\bin\Python\envs\arcgispro-py3\lib\site-packages\forklift\..\forklift-garage\SGID10_Energy.sde\SGID10.ENERGY.DNROilGasWells_Paths"</Process><Process ToolSource="c:\program files\arcgis\pro\Resources\ArcToolbox\Toolboxes\Data Management Tools.tbx\Append" Date="20170626" Time="103508" Name="" export="">Append C:\Users\AGRC-A~1\AppData\Local\Temp\1\scratch.gdb\DNROilGasWells_Paths "c:\Program Files\ArcGIS\Pro\bin\Python\envs\arcgispro-py3\lib\site-packages\forklift\..\forklift-garage\SGID10_Energy.sde\SGID10.ENERGY.DNROilGasWells_Paths" "Input schema must match target schema" # #</Process><Process ToolSource="c:\program files (x86)\arcgis\desktop10.4\ArcToolbox\Toolboxes\Data Management Tools.tbx\ChangePrivileges" Date="20170629" Time="092723" Name="" export="">ChangePrivileges 'Database Connections\DC_Energy@SGID10@sgid.agrc.utah.gov.sde\SGID10.ENERGY.OilGasWells';'Database Connections\DC_Energy@SGID10@sgid.agrc.utah.gov.sde\SGID10.ENERGY.OilGasWells_DownHoles';'Database Connections\DC_Energy@SGID10@sgid.agrc.utah.gov.sde\SGID10.ENERGY.OilGasWells_Paths' agrc GRANT AS_IS</Process><Process ToolSource="c:\program files (x86)\arcgis\desktop10.4\ArcToolbox\Toolboxes\Data Management Tools.tbx\ChangePrivileges" Date="20170629" Time="092753" Name="" export="">ChangePrivileges 'Database Connections\DC_Energy@SGID10@sgid.agrc.utah.gov.sde\SGID10.ENERGY.OilGasWells';'Database Connections\DC_Energy@SGID10@sgid.agrc.utah.gov.sde\SGID10.ENERGY.OilGasWells_DownHoles';'Database Connections\DC_Energy@SGID10@sgid.agrc.utah.gov.sde\SGID10.ENERGY.OilGasWells_Paths' SearchAPI GRANT AS_IS</Process><Process ToolSource="c:\program files\arcgis\pro\Resources\ArcToolbox\Toolboxes\Data Management Tools.tbx\DeleteRows" Date="20170629" Time="104256" Name="" export="">DeleteRows "c:\Program Files\ArcGIS\Pro\bin\Python\envs\arcgispro-py3\lib\site-packages\forklift\..\forklift-garage\SGID10_Energy.sde\SGID10.ENERGY.OilGasWells_Paths"</Process><Process ToolSource="c:\program files\arcgis\pro\Resources\ArcToolbox\Toolboxes\Data Management Tools.tbx\Append" Date="20170629" Time="104310" Name="" export="">Append C:\Users\AGRC-A~1\AppData\Local\Temp\4\scratch.gdb\OilGasWells_Paths "c:\Program Files\ArcGIS\Pro\bin\Python\envs\arcgispro-py3\lib\site-packages\forklift\..\forklift-garage\SGID10_Energy.sde\SGID10.ENERGY.OilGasWells_Paths" "Input schema must match target schema" # #</Process><Process ToolSource="c:\program files\arcgis\pro\Resources\ArcToolbox\Toolboxes\Data Management Tools.tbx\DeleteRows" Date="20170629" Time="105137" Name="" export="">DeleteRows "c:\Program Files\ArcGIS\Pro\bin\Python\envs\arcgispro-py3\lib\site-packages\forklift\..\forklift-garage\SGID10_Energy.sde\SGID10.ENERGY.OilGasWells_Paths"</Process><Process ToolSource="c:\program files\arcgis\pro\Resources\ArcToolbox\Toolboxes\Data Management Tools.tbx\Append" Date="20170629" Time="105148" Name="" export="">Append C:\Users\AGRC-A~1\AppData\Local\Temp\4\scratch.gdb\OilGasWells_Paths "c:\Program Files\ArcGIS\Pro\bin\Python\envs\arcgispro-py3\lib\site-packages\forklift\..\forklift-garage\SGID10_Energy.sde\SGID10.ENERGY.OilGasWells_Paths" "Input schema must match target schema" # #</Process><Process ToolSource="c:\program files\arcgis\pro\Resources\ArcToolbox\Toolboxes\Data Management Tools.tbx\DeleteRows" Date="20170629" Time="105804" Name="" export="">DeleteRows "c:\Program Files\ArcGIS\Pro\bin\Python\envs\arcgispro-py3\lib\site-packages\forklift\..\forklift-garage\SGID10_Energy.sde\SGID10.ENERGY.OilGasWells_Paths"</Process><Process ToolSource="c:\program files\arcgis\pro\Resources\ArcToolbox\Toolboxes\Data Management Tools.tbx\Append" Date="20170629" Time="105814" Name="" export="">Append C:\Users\AGRC-A~1\AppData\Local\Temp\4\scratch.gdb\OilGasWells_Paths "c:\Program Files\ArcGIS\Pro\bin\Python\envs\arcgispro-py3\lib\site-packages\forklift\..\forklift-garage\SGID10_Energy.sde\SGID10.ENERGY.OilGasWells_Paths" "Input schema must match target schema" # #</Process><Process ToolSource="c:\program files\arcgis\pro\Resources\ArcToolbox\Toolboxes\Data Management Tools.tbx\DeleteRows" Date="20170629" Time="110243" Name="" export="">DeleteRows "c:\Program Files\ArcGIS\Pro\bin\Python\envs\arcgispro-py3\lib\site-packages\forklift\..\forklift-garage\SGID10_Energy.sde\SGID10.ENERGY.OilGasWells_Paths"</Process><Process ToolSource="c:\program files\arcgis\pro\Resources\ArcToolbox\Toolboxes\Data Management Tools.tbx\Append" Date="20170629" Time="110254" Name="" export="">Append C:\Users\AGRC-A~1\AppData\Local\Temp\4\scratch.gdb\OilGasWells_Paths "c:\Program Files\ArcGIS\Pro\bin\Python\envs\arcgispro-py3\lib\site-packages\forklift\..\forklift-garage\SGID10_Energy.sde\SGID10.ENERGY.OilGasWells_Paths" "Input schema must match target schema" # #</Process><Process ToolSource="c:\program files\arcgis\pro\Resources\ArcToolbox\Toolboxes\Data Management Tools.tbx\DeleteRows" Date="20170630" Time="025855">DeleteRows "c:\Program Files\ArcGIS\Pro\bin\Python\envs\arcgispro-py3\lib\site-packages\forklift\..\forklift-garage\SGID10_Energy.sde\SGID10.ENERGY.OilGasWells_Paths"</Process><Process ToolSource="c:\program files\arcgis\pro\Resources\ArcToolbox\Toolboxes\Data Management Tools.tbx\Append" Date="20170630" Time="025907">Append C:\Users\AGRC-A~1\AppData\Local\Temp\scratch.gdb\OilGasWells_Paths "c:\Program Files\ArcGIS\Pro\bin\Python\envs\arcgispro-py3\lib\site-packages\forklift\..\forklift-garage\SGID10_Energy.sde\SGID10.ENERGY.OilGasWells_Paths" "Input schema must match target schema" # #</Process><Process ToolSource="c:\program files\arcgis\pro\Resources\ArcToolbox\Toolboxes\Data Management Tools.tbx\DeleteRows" Date="20170703" Time="030148">DeleteRows "c:\Program Files\ArcGIS\Pro\bin\Python\envs\arcgispro-py3\lib\site-packages\forklift\..\forklift-garage\SGID10_Energy.sde\SGID10.ENERGY.OilGasWells_Paths"</Process><Process ToolSource="c:\program files\arcgis\pro\Resources\ArcToolbox\Toolboxes\Data Management Tools.tbx\Append" Date="20170703" Time="030158">Append C:\Users\AGRC-A~1\AppData\Local\Temp\scratch.gdb\OilGasWells_Paths "c:\Program Files\ArcGIS\Pro\bin\Python\envs\arcgispro-py3\lib\site-packages\forklift\..\forklift-garage\SGID10_Energy.sde\SGID10.ENERGY.OilGasWells_Paths" "Input schema must match target schema" # #</Process><Process ToolSource="c:\program files\arcgis\pro\Resources\ArcToolbox\Toolboxes\Data Management Tools.tbx\DeleteRows" Date="20170704" Time="025743">DeleteRows "c:\Program Files\ArcGIS\Pro\bin\Python\envs\arcgispro-py3\lib\site-packages\forklift\..\forklift-garage\SGID10_Energy.sde\SGID10.ENERGY.OilGasWells_Paths"</Process><Process ToolSource="c:\program files\arcgis\pro\Resources\ArcToolbox\Toolboxes\Data Management Tools.tbx\Append" Date="20170704" Time="025753">Append C:\Users\AGRC-A~1\AppData\Local\Temp\scratch.gdb\OilGasWells_Paths "c:\Program Files\ArcGIS\Pro\bin\Python\envs\arcgispro-py3\lib\site-packages\forklift\..\forklift-garage\SGID10_Energy.sde\SGID10.ENERGY.OilGasWells_Paths" "Input schema must match target schema" # #</Process><Process ToolSource="c:\program files\arcgis\pro\Resources\ArcToolbox\Toolboxes\Data Management Tools.tbx\DeleteRows" Date="20170705" Time="031333">DeleteRows "c:\Program Files\ArcGIS\Pro\bin\Python\envs\arcgispro-py3\lib\site-packages\forklift\..\forklift-garage\SGID10_Energy.sde\SGID10.ENERGY.OilGasWells_Paths"</Process><Process ToolSource="c:\program files\arcgis\pro\Resources\ArcToolbox\Toolboxes\Data Management Tools.tbx\Append" Date="20170705" Time="031344">Append C:\Users\AGRC-A~1\AppData\Local\Temp\scratch.gdb\OilGasWells_Paths "c:\Program Files\ArcGIS\Pro\bin\Python\envs\arcgispro-py3\lib\site-packages\forklift\..\forklift-garage\SGID10_Energy.sde\SGID10.ENERGY.OilGasWells_Paths" "Input schema must match target schema" # #</Process><Process ToolSource="c:\program files\arcgis\pro\Resources\ArcToolbox\Toolboxes\Data Management Tools.tbx\DeleteRows" Date="20170706" Time="025631">DeleteRows "c:\Program Files\ArcGIS\Pro\bin\Python\envs\arcgispro-py3\lib\site-packages\forklift\..\forklift-garage\SGID10_Energy.sde\SGID10.ENERGY.OilGasWells_Paths"</Process><Process ToolSource="c:\program files\arcgis\pro\Resources\ArcToolbox\Toolboxes\Data Management Tools.tbx\Append" Date="20170706" Time="025643">Append C:\Users\AGRC-A~1\AppData\Local\Temp\scratch.gdb\OilGasWells_Paths "c:\Program Files\ArcGIS\Pro\bin\Python\envs\arcgispro-py3\lib\site-packages\forklift\..\forklift-garage\SGID10_Energy.sde\SGID10.ENERGY.OilGasWells_Paths" "Input schema must match target schema" # #</Process><Process ToolSource="c:\program files\arcgis\pro\Resources\ArcToolbox\Toolboxes\Data Management Tools.tbx\DeleteRows" Date="20170711" Time="025559">DeleteRows "c:\Program Files\ArcGIS\Pro\bin\Python\envs\arcgispro-py3\lib\site-packages\forklift\..\forklift-garage\SGID10_Energy.sde\SGID10.ENERGY.OilGasWells_Paths"</Process><Process ToolSource="c:\program files\arcgis\pro\Resources\ArcToolbox\Toolboxes\Data Management Tools.tbx\Append" Date="20170711" Time="025612">Append C:\Users\AGRC-A~1\AppData\Local\Temp\scratch.gdb\OilGasWells_Paths "c:\Program Files\ArcGIS\Pro\bin\Python\envs\arcgispro-py3\lib\site-packages\forklift\..\forklift-garage\SGID10_Energy.sde\SGID10.ENERGY.OilGasWells_Paths" "Input schema must match target schema" # #</Process><Process ToolSource="c:\program files\arcgis\pro\Resources\ArcToolbox\Toolboxes\Data Management Tools.tbx\DeleteRows" Date="20170712" Time="025444">DeleteRows "c:\Program Files\ArcGIS\Pro\bin\Python\envs\arcgispro-py3\lib\site-packages\forklift\..\forklift-garage\SGID10_Energy.sde\SGID10.ENERGY.OilGasWells_Paths"</Process><Process ToolSource="c:\program files\arcgis\pro\Resources\ArcToolbox\Toolboxes\Data Management Tools.tbx\Append" Date="20170712" Time="025455">Append C:\Users\AGRC-A~1\AppData\Local\Temp\scratch.gdb\OilGasWells_Paths "c:\Program Files\ArcGIS\Pro\bin\Python\envs\arcgispro-py3\lib\site-packages\forklift\..\forklift-garage\SGID10_Energy.sde\SGID10.ENERGY.OilGasWells_Paths" "Input schema must match target schema" # #</Process><Process ToolSource="c:\program files\arcgis\pro\Resources\ArcToolbox\Toolboxes\Data Management Tools.tbx\DeleteRows" Date="20170713" Time="025706">DeleteRows "c:\Program Files\ArcGIS\Pro\bin\Python\envs\arcgispro-py3\lib\site-packages\forklift\..\forklift-garage\SGID10_Energy.sde\SGID10.ENERGY.OilGasWells_Paths"</Process><Process ToolSource="c:\program files\arcgis\pro\Resources\ArcToolbox\Toolboxes\Data Management Tools.tbx\Append" Date="20170713" Time="025720">Append C:\Users\AGRC-A~1\AppData\Local\Temp\scratch.gdb\OilGasWells_Paths "c:\Program Files\ArcGIS\Pro\bin\Python\envs\arcgispro-py3\lib\site-packages\forklift\..\forklift-garage\SGID10_Energy.sde\SGID10.ENERGY.OilGasWells_Paths" "Input schema must match target schema" # #</Process><Process ToolSource="c:\program files\arcgis\pro\Resources\ArcToolbox\Toolboxes\Data Management Tools.tbx\DeleteRows" Date="20170714" Time="025245">DeleteRows "c:\Program Files\ArcGIS\Pro\bin\Python\envs\arcgispro-py3\lib\site-packages\forklift\..\forklift-garage\SGID10_Energy.sde\SGID10.ENERGY.OilGasWells_Paths"</Process><Process ToolSource="c:\program files\arcgis\pro\Resources\ArcToolbox\Toolboxes\Data Management Tools.tbx\Append" Date="20170714" Time="025257">Append C:\Users\AGRC-A~1\AppData\Local\Temp\scratch.gdb\OilGasWells_Paths "c:\Program Files\ArcGIS\Pro\bin\Python\envs\arcgispro-py3\lib\site-packages\forklift\..\forklift-garage\SGID10_Energy.sde\SGID10.ENERGY.OilGasWells_Paths" "Input schema must match target schema" # #</Process><Process ToolSource="c:\program files\arcgis\pro\Resources\ArcToolbox\Toolboxes\Data Management Tools.tbx\DeleteRows" Date="20170717" Time="024557">DeleteRows "c:\Program Files\ArcGIS\Pro\bin\Python\envs\arcgispro-py3\lib\site-packages\forklift\..\forklift-garage\SGID10_Energy.sde\SGID10.ENERGY.OilGasWells_Paths"</Process><Process ToolSource="c:\program files\arcgis\pro\Resources\ArcToolbox\Toolboxes\Data Management Tools.tbx\Append" Date="20170717" Time="024608">Append C:\Users\AGRC-A~1\AppData\Local\Temp\scratch.gdb\OilGasWells_Paths "c:\Program Files\ArcGIS\Pro\bin\Python\envs\arcgispro-py3\lib\site-packages\forklift\..\forklift-garage\SGID10_Energy.sde\SGID10.ENERGY.OilGasWells_Paths" "Input schema must match target schema" # #</Process><Process ToolSource="c:\program files\arcgis\pro\Resources\ArcToolbox\Toolboxes\Data Management Tools.tbx\DeleteRows" Date="20170718" Time="030139">DeleteRows "c:\Program Files\ArcGIS\Pro\bin\Python\envs\arcgispro-py3\lib\site-packages\forklift\..\forklift-garage\SGID10_Energy.sde\SGID10.ENERGY.OilGasWells_Paths"</Process><Process ToolSource="c:\program files\arcgis\pro\Resources\ArcToolbox\Toolboxes\Data Management Tools.tbx\Append" Date="20170718" Time="030152">Append C:\Users\AGRC-A~1\AppData\Local\Temp\scratch.gdb\OilGasWells_Paths "c:\Program Files\ArcGIS\Pro\bin\Python\envs\arcgispro-py3\lib\site-packages\forklift\..\forklift-garage\SGID10_Energy.sde\SGID10.ENERGY.OilGasWells_Paths" "Input schema must match target schema" # #</Process><Process ToolSource="c:\program files\arcgis\pro\Resources\ArcToolbox\Toolboxes\Data Management Tools.tbx\DeleteRows" Date="20170719" Time="025901">DeleteRows "c:\Program Files\ArcGIS\Pro\bin\Python\envs\arcgispro-py3\lib\site-packages\forklift\..\forklift-garage\SGID10_Energy.sde\SGID10.ENERGY.OilGasWells_Paths"</Process><Process ToolSource="c:\program files\arcgis\pro\Resources\ArcToolbox\Toolboxes\Data Management Tools.tbx\Append" Date="20170719" Time="025914">Append C:\Users\AGRC-A~1\AppData\Local\Temp\scratch.gdb\OilGasWells_Paths "c:\Program Files\ArcGIS\Pro\bin\Python\envs\arcgispro-py3\lib\site-packages\forklift\..\forklift-garage\SGID10_Energy.sde\SGID10.ENERGY.OilGasWells_Paths" "Input schema must match target schema" # #</Process><Process ToolSource="c:\program files\arcgis\pro\Resources\ArcToolbox\Toolboxes\Data Management Tools.tbx\DeleteRows" Date="20170720" Time="024858">DeleteRows "c:\Program Files\ArcGIS\Pro\bin\Python\envs\arcgispro-py3\lib\site-packages\forklift\..\forklift-garage\SGID10_Energy.sde\SGID10.ENERGY.OilGasWells_Paths"</Process><Process ToolSource="c:\program files\arcgis\pro\Resources\ArcToolbox\Toolboxes\Data Management Tools.tbx\Append" Date="20170720" Time="024911">Append C:\Users\AGRC-A~1\AppData\Local\Temp\scratch.gdb\OilGasWells_Paths "c:\Program Files\ArcGIS\Pro\bin\Python\envs\arcgispro-py3\lib\site-packages\forklift\..\forklift-garage\SGID10_Energy.sde\SGID10.ENERGY.OilGasWells_Paths" "Input schema must match target schema" # #</Process><Process ToolSource="c:\program files\arcgis\pro\Resources\ArcToolbox\Toolboxes\Data Management Tools.tbx\DeleteRows" Date="20170721" Time="025711">DeleteRows "c:\Program Files\ArcGIS\Pro\bin\Python\envs\arcgispro-py3\lib\site-packages\forklift\..\forklift-garage\SGID10_Energy.sde\SGID10.ENERGY.OilGasWells_Paths"</Process><Process ToolSource="c:\program files\arcgis\pro\Resources\ArcToolbox\Toolboxes\Data Management Tools.tbx\Append" Date="20170721" Time="025722">Append C:\Users\AGRC-A~1\AppData\Local\Temp\scratch.gdb\OilGasWells_Paths "c:\Program Files\ArcGIS\Pro\bin\Python\envs\arcgispro-py3\lib\site-packages\forklift\..\forklift-garage\SGID10_Energy.sde\SGID10.ENERGY.OilGasWells_Paths" "Input schema must match target schema" # #</Process><Process ToolSource="c:\program files\arcgis\pro\Resources\ArcToolbox\Toolboxes\Data Management Tools.tbx\DeleteRows" Date="20170724" Time="022943">DeleteRows "c:\Program Files\ArcGIS\Pro\bin\Python\envs\arcgispro-py3\lib\site-packages\forklift\..\forklift-garage\SGID10_Energy.sde\SGID10.ENERGY.OilGasWells_Paths"</Process><Process ToolSource="c:\program files\arcgis\pro\Resources\ArcToolbox\Toolboxes\Data Management Tools.tbx\Append" Date="20170724" Time="022953">Append C:\Users\AGRC-A~1\AppData\Local\Temp\scratch.gdb\OilGasWells_Paths "c:\Program Files\ArcGIS\Pro\bin\Python\envs\arcgispro-py3\lib\site-packages\forklift\..\forklift-garage\SGID10_Energy.sde\SGID10.ENERGY.OilGasWells_Paths" "Input schema must match target schema" # #</Process><Process ToolSource="c:\program files\arcgis\pro\Resources\ArcToolbox\Toolboxes\Data Management Tools.tbx\DeleteRows" Date="20170725" Time="023649">DeleteRows "c:\Program Files\ArcGIS\Pro\bin\Python\envs\arcgispro-py3\lib\site-packages\forklift\..\forklift-garage\SGID10_Energy.sde\SGID10.ENERGY.OilGasWells_Paths"</Process><Process ToolSource="c:\program files\arcgis\pro\Resources\ArcToolbox\Toolboxes\Data Management Tools.tbx\Append" Date="20170725" Time="023700">Append C:\Users\AGRC-A~1\AppData\Local\Temp\scratch.gdb\OilGasWells_Paths "c:\Program Files\ArcGIS\Pro\bin\Python\envs\arcgispro-py3\lib\site-packages\forklift\..\forklift-garage\SGID10_Energy.sde\SGID10.ENERGY.OilGasWells_Paths" "Input schema must match target schema" # #</Process><Process ToolSource="c:\program files\arcgis\pro\Resources\ArcToolbox\toolboxes\Data Management Tools.tbx\DeleteRows" Date="20170726" Time="031040">DeleteRows "c:\Program Files\ArcGIS\Pro\bin\Python\envs\arcgispro-py3\lib\site-packages\forklift\..\forklift-garage\SGID10_Energy.sde\SGID10.ENERGY.OilGasWells_Paths"</Process><Process ToolSource="c:\program files\arcgis\pro\Resources\ArcToolbox\toolboxes\Data Management Tools.tbx\Append" Date="20170726" Time="031052">Append C:\Users\AGRC-A~1\AppData\Local\Temp\scratch.gdb\OilGasWells_Paths "c:\Program Files\ArcGIS\Pro\bin\Python\envs\arcgispro-py3\lib\site-packages\forklift\..\forklift-garage\SGID10_Energy.sde\SGID10.ENERGY.OilGasWells_Paths" "Input schema must match target schema" # #</Process><Process ToolSource="c:\program files\arcgis\pro\Resources\ArcToolbox\toolboxes\Data Management Tools.tbx\DeleteRows" Date="20170727" Time="025349">DeleteRows "c:\Program Files\ArcGIS\Pro\bin\Python\envs\arcgispro-py3\lib\site-packages\forklift\..\forklift-garage\SGID10_Energy.sde\SGID10.ENERGY.OilGasWells_Paths"</Process><Process ToolSource="c:\program files\arcgis\pro\Resources\ArcToolbox\toolboxes\Data Management Tools.tbx\Append" Date="20170727" Time="025401">Append C:\Users\AGRC-A~1\AppData\Local\Temp\scratch.gdb\OilGasWells_Paths "c:\Program Files\ArcGIS\Pro\bin\Python\envs\arcgispro-py3\lib\site-packages\forklift\..\forklift-garage\SGID10_Energy.sde\SGID10.ENERGY.OilGasWells_Paths" "Input schema must match target schema" # #</Process><Process ToolSource="c:\program files\arcgis\pro\Resources\ArcToolbox\toolboxes\Data Management Tools.tbx\DeleteRows" Date="20170731" Time="025213">DeleteRows "C:\Program Files\ArcGIS\Pro\bin\Python\envs\arcgispro-py3\lib\site-packages\forklift\..\forklift-garage\SGID10_Energy.sde\SGID10.ENERGY.OilGasWells_Paths"</Process><Process ToolSource="c:\program files\arcgis\pro\Resources\ArcToolbox\toolboxes\Data Management Tools.tbx\Append" Date="20170731" Time="025224">Append C:\Users\AGRC-A~1\AppData\Local\Temp\scratch.gdb\OilGasWells_Paths "C:\Program Files\ArcGIS\Pro\bin\Python\envs\arcgispro-py3\lib\site-packages\forklift\..\forklift-garage\SGID10_Energy.sde\SGID10.ENERGY.OilGasWells_Paths" "Input schema must match target schema" # #</Process><Process ToolSource="c:\program files\arcgis\pro\Resources\ArcToolbox\toolboxes\Data Management Tools.tbx\DeleteRows" Date="20170801" Time="045042">DeleteRows "C:\Program Files\ArcGIS\Pro\bin\Python\envs\arcgispro-py3\lib\site-packages\forklift\..\forklift-garage\SGID10_Energy.sde\SGID10.ENERGY.OilGasWells_Paths"</Process><Process ToolSource="c:\program files\arcgis\pro\Resources\ArcToolbox\toolboxes\Data Management Tools.tbx\Append" Date="20170801" Time="045053">Append C:\Users\AGRC-A~1\AppData\Local\Temp\5\scratch.gdb\OilGasWells_Paths "C:\Program Files\ArcGIS\Pro\bin\Python\envs\arcgispro-py3\lib\site-packages\forklift\..\forklift-garage\SGID10_Energy.sde\SGID10.ENERGY.OilGasWells_Paths" "Input schema must match target schema" # #</Process><Process ToolSource="c:\program files\arcgis\pro\Resources\ArcToolbox\toolboxes\Data Management Tools.tbx\DeleteRows" Date="20170802" Time="025235">DeleteRows "C:\Program Files\ArcGIS\Pro\bin\Python\envs\arcgispro-py3\lib\site-packages\forklift\..\forklift-garage\SGID10_Energy.sde\SGID10.ENERGY.OilGasWells_Paths"</Process><Process ToolSource="c:\program files\arcgis\pro\Resources\ArcToolbox\toolboxes\Data Management Tools.tbx\Append" Date="20170802" Time="025247">Append C:\Users\AGRC-A~1\AppData\Local\Temp\scratch.gdb\OilGasWells_Paths "C:\Program Files\ArcGIS\Pro\bin\Python\envs\arcgispro-py3\lib\site-packages\forklift\..\forklift-garage\SGID10_Energy.sde\SGID10.ENERGY.OilGasWells_Paths" "Input schema must match target schema" # #</Process><Process ToolSource="c:\program files\arcgis\pro\Resources\ArcToolbox\toolboxes\Data Management Tools.tbx\DeleteRows" Date="20170803" Time="024224">DeleteRows "C:\Program Files\ArcGIS\Pro\bin\Python\envs\arcgispro-py3\lib\site-packages\forklift\..\forklift-garage\SGID10_Energy.sde\SGID10.ENERGY.OilGasWells_Paths"</Process><Process ToolSource="c:\program files\arcgis\pro\Resources\ArcToolbox\toolboxes\Data Management Tools.tbx\Append" Date="20170803" Time="024237">Append C:\Users\AGRC-A~1\AppData\Local\Temp\scratch.gdb\OilGasWells_Paths "C:\Program Files\ArcGIS\Pro\bin\Python\envs\arcgispro-py3\lib\site-packages\forklift\..\forklift-garage\SGID10_Energy.sde\SGID10.ENERGY.OilGasWells_Paths" "Input schema must match target schema" # #</Process><Process ToolSource="c:\program files\arcgis\pro\Resources\ArcToolbox\toolboxes\Data Management Tools.tbx\DeleteRows" Date="20170804" Time="025047">DeleteRows "C:\Program Files\ArcGIS\Pro\bin\Python\envs\arcgispro-py3\lib\site-packages\forklift\..\forklift-garage\SGID10_Energy.sde\SGID10.ENERGY.OilGasWells_Paths"</Process><Process ToolSource="c:\program files\arcgis\pro\Resources\ArcToolbox\toolboxes\Data Management Tools.tbx\Append" Date="20170804" Time="025057">Append C:\Users\AGRC-A~1\AppData\Local\Temp\scratch.gdb\OilGasWells_Paths "C:\Program Files\ArcGIS\Pro\bin\Python\envs\arcgispro-py3\lib\site-packages\forklift\..\forklift-garage\SGID10_Energy.sde\SGID10.ENERGY.OilGasWells_Paths" "Input schema must match target schema" # #</Process><Process ToolSource="c:\program files\arcgis\pro\Resources\ArcToolbox\toolboxes\Data Management Tools.tbx\DeleteRows" Date="20170807" Time="023950">DeleteRows "C:\Program Files\ArcGIS\Pro\bin\Python\envs\arcgispro-py3\lib\site-packages\forklift\..\forklift-garage\SGID10_Energy.sde\SGID10.ENERGY.OilGasWells_Paths"</Process><Process ToolSource="c:\program files\arcgis\pro\Resources\ArcToolbox\toolboxes\Data Management Tools.tbx\Append" Date="20170807" Time="024001">Append C:\Users\AGRC-A~1\AppData\Local\Temp\scratch.gdb\OilGasWells_Paths "C:\Program Files\ArcGIS\Pro\bin\Python\envs\arcgispro-py3\lib\site-packages\forklift\..\forklift-garage\SGID10_Energy.sde\SGID10.ENERGY.OilGasWells_Paths" "Input schema must match target schema" # #</Process><Process ToolSource="c:\program files\arcgis\pro\Resources\ArcToolbox\toolboxes\Data Management Tools.tbx\DeleteRows" Date="20170808" Time="021345">DeleteRows "C:\Program Files\ArcGIS\Pro\bin\Python\envs\arcgispro-py3\lib\site-packages\forklift\..\forklift-garage\SGID10_Energy.sde\SGID10.ENERGY.OilGasWells_Paths"</Process><Process ToolSource="c:\program files\arcgis\pro\Resources\ArcToolbox\toolboxes\Data Management Tools.tbx\Append" Date="20170808" Time="021355">Append C:\Users\AGRC-A~1\AppData\Local\Temp\scratch.gdb\OilGasWells_Paths "C:\Program Files\ArcGIS\Pro\bin\Python\envs\arcgispro-py3\lib\site-packages\forklift\..\forklift-garage\SGID10_Energy.sde\SGID10.ENERGY.OilGasWells_Paths" "Input schema must match target schema" # #</Process><Process ToolSource="c:\program files\arcgis\pro\Resources\ArcToolbox\toolboxes\Data Management Tools.tbx\DeleteRows" Date="20170809" Time="030155">DeleteRows "C:\Program Files\ArcGIS\Pro\bin\Python\envs\arcgispro-py3\lib\site-packages\forklift\..\forklift-garage\SGID10_Energy.sde\SGID10.ENERGY.OilGasWells_Paths"</Process><Process ToolSource="c:\program files\arcgis\pro\Resources\ArcToolbox\toolboxes\Data Management Tools.tbx\Append" Date="20170809" Time="030207">Append C:\Users\AGRC-A~1\AppData\Local\Temp\scratch.gdb\OilGasWells_Paths "C:\Program Files\ArcGIS\Pro\bin\Python\envs\arcgispro-py3\lib\site-packages\forklift\..\forklift-garage\SGID10_Energy.sde\SGID10.ENERGY.OilGasWells_Paths" "Input schema must match target schema" # #</Process><Process ToolSource="c:\program files\arcgis\pro\Resources\ArcToolbox\toolboxes\Data Management Tools.tbx\DeleteRows" Date="20170810" Time="024927">DeleteRows "C:\Program Files\ArcGIS\Pro\bin\Python\envs\arcgispro-py3\lib\site-packages\forklift\..\forklift-garage\SGID10_Energy.sde\SGID10.ENERGY.OilGasWells_Paths"</Process><Process ToolSource="c:\program files\arcgis\pro\Resources\ArcToolbox\toolboxes\Data Management Tools.tbx\Append" Date="20170810" Time="024935">Append C:\Users\AGRC-A~1\AppData\Local\Temp\scratch.gdb\OilGasWells_Paths "C:\Program Files\ArcGIS\Pro\bin\Python\envs\arcgispro-py3\lib\site-packages\forklift\..\forklift-garage\SGID10_Energy.sde\SGID10.ENERGY.OilGasWells_Paths" "Input schema must match target schema" # #</Process><Process ToolSource="c:\program files\arcgis\pro\Resources\ArcToolbox\toolboxes\Data Management Tools.tbx\DeleteRows" Date="20170811" Time="030139">DeleteRows "C:\Program Files\ArcGIS\Pro\bin\Python\envs\arcgispro-py3\lib\site-packages\forklift\..\forklift-garage\SGID10_Energy.sde\SGID10.ENERGY.OilGasWells_Paths"</Process><Process ToolSource="c:\program files\arcgis\pro\Resources\ArcToolbox\toolboxes\Data Management Tools.tbx\Append" Date="20170811" Time="030147">Append C:\Users\AGRC-A~1\AppData\Local\Temp\scratch.gdb\OilGasWells_Paths "C:\Program Files\ArcGIS\Pro\bin\Python\envs\arcgispro-py3\lib\site-packages\forklift\..\forklift-garage\SGID10_Energy.sde\SGID10.ENERGY.OilGasWells_Paths" "Input schema must match target schema" # #</Process><Process ToolSource="c:\program files\arcgis\pro\Resources\ArcToolbox\toolboxes\Data Management Tools.tbx\DeleteRows" Date="20170814" Time="024310">DeleteRows "C:\Program Files\ArcGIS\Pro\bin\Python\envs\arcgispro-py3\lib\site-packages\forklift\..\forklift-garage\SGID10_Energy.sde\SGID10.ENERGY.OilGasWells_Paths"</Process><Process ToolSource="c:\program files\arcgis\pro\Resources\ArcToolbox\toolboxes\Data Management Tools.tbx\Append" Date="20170814" Time="024318">Append C:\Users\AGRC-A~1\AppData\Local\Temp\scratch.gdb\OilGasWells_Paths "C:\Program Files\ArcGIS\Pro\bin\Python\envs\arcgispro-py3\lib\site-packages\forklift\..\forklift-garage\SGID10_Energy.sde\SGID10.ENERGY.OilGasWells_Paths" "Input schema must match target schema" # #</Process><Process ToolSource="c:\program files\arcgis\pro\Resources\ArcToolbox\toolboxes\Data Management Tools.tbx\DeleteRows" Date="20170815" Time="025802">DeleteRows "C:\Program Files\ArcGIS\Pro\bin\Python\envs\arcgispro-py3\lib\site-packages\forklift\..\forklift-garage\SGID10_Energy.sde\SGID10.ENERGY.OilGasWells_Paths"</Process><Process ToolSource="c:\program files\arcgis\pro\Resources\ArcToolbox\toolboxes\Data Management Tools.tbx\Append" Date="20170815" Time="025810">Append C:\Users\AGRC-A~1\AppData\Local\Temp\scratch.gdb\OilGasWells_Paths "C:\Program Files\ArcGIS\Pro\bin\Python\envs\arcgispro-py3\lib\site-packages\forklift\..\forklift-garage\SGID10_Energy.sde\SGID10.ENERGY.OilGasWells_Paths" "Input schema must match target schema" # #</Process><Process ToolSource="c:\program files\arcgis\pro\Resources\ArcToolbox\toolboxes\Data Management Tools.tbx\DeleteRows" Date="20170816" Time="031615">DeleteRows "C:\Program Files\ArcGIS\Pro\bin\Python\envs\arcgispro-py3\lib\site-packages\forklift\..\forklift-garage\SGID10_Energy.sde\SGID10.ENERGY.OilGasWells_Paths"</Process><Process ToolSource="c:\program files\arcgis\pro\Resources\ArcToolbox\toolboxes\Data Management Tools.tbx\Append" Date="20170816" Time="031624">Append C:\Users\AGRC-A~1\AppData\Local\Temp\scratch.gdb\OilGasWells_Paths "C:\Program Files\ArcGIS\Pro\bin\Python\envs\arcgispro-py3\lib\site-packages\forklift\..\forklift-garage\SGID10_Energy.sde\SGID10.ENERGY.OilGasWells_Paths" "Input schema must match target schema" # #</Process><Process ToolSource="c:\program files\arcgis\pro\Resources\ArcToolbox\toolboxes\Data Management Tools.tbx\DeleteRows" Date="20170818" Time="030905">DeleteRows "C:\Program Files\ArcGIS\Pro\bin\Python\envs\arcgispro-py3\lib\site-packages\forklift\..\forklift-garage\SGID10_Energy.sde\SGID10.ENERGY.OilGasWells_Paths"</Process><Process ToolSource="c:\program files\arcgis\pro\Resources\ArcToolbox\toolboxes\Data Management Tools.tbx\Append" Date="20170818" Time="030913">Append C:\Users\AGRC-A~1\AppData\Local\Temp\scratch.gdb\OilGasWells_Paths "C:\Program Files\ArcGIS\Pro\bin\Python\envs\arcgispro-py3\lib\site-packages\forklift\..\forklift-garage\SGID10_Energy.sde\SGID10.ENERGY.OilGasWells_Paths" "Input schema must match target schema" # #</Process><Process ToolSource="c:\program files\arcgis\pro\Resources\ArcToolbox\toolboxes\Data Management Tools.tbx\DeleteRows" Date="20170821" Time="024810">DeleteRows "C:\Program Files\ArcGIS\Pro\bin\Python\envs\arcgispro-py3\lib\site-packages\forklift\..\forklift-garage\SGID10_Energy.sde\SGID10.ENERGY.OilGasWells_Paths"</Process><Process ToolSource="c:\program files\arcgis\pro\Resources\ArcToolbox\toolboxes\Data Management Tools.tbx\Append" Date="20170821" Time="024817">Append C:\Users\AGRC-A~1\AppData\Local\Temp\scratch.gdb\OilGasWells_Paths "C:\Program Files\ArcGIS\Pro\bin\Python\envs\arcgispro-py3\lib\site-packages\forklift\..\forklift-garage\SGID10_Energy.sde\SGID10.ENERGY.OilGasWells_Paths" "Input schema must match target schema" # #</Process><Process ToolSource="c:\program files\arcgis\pro\Resources\ArcToolbox\toolboxes\Data Management Tools.tbx\DeleteRows" Date="20170822" Time="025005">DeleteRows "C:\Program Files\ArcGIS\Pro\bin\Python\envs\arcgispro-py3\lib\site-packages\forklift\..\forklift-garage\SGID10_Energy.sde\SGID10.ENERGY.OilGasWells_Paths"</Process><Process ToolSource="c:\program files\arcgis\pro\Resources\ArcToolbox\toolboxes\Data Management Tools.tbx\Append" Date="20170822" Time="025013">Append C:\Users\AGRC-A~1\AppData\Local\Temp\scratch.gdb\OilGasWells_Paths "C:\Program Files\ArcGIS\Pro\bin\Python\envs\arcgispro-py3\lib\site-packages\forklift\..\forklift-garage\SGID10_Energy.sde\SGID10.ENERGY.OilGasWells_Paths" "Input schema must match target schema" # #</Process><Process ToolSource="c:\program files\arcgis\pro\Resources\ArcToolbox\toolboxes\Data Management Tools.tbx\DeleteRows" Date="20170823" Time="030816">DeleteRows "C:\Program Files\ArcGIS\Pro\bin\Python\envs\arcgispro-py3\lib\site-packages\forklift\..\forklift-garage\SGID10_Energy.sde\SGID10.ENERGY.OilGasWells_Paths"</Process><Process ToolSource="c:\program files\arcgis\pro\Resources\ArcToolbox\toolboxes\Data Management Tools.tbx\Append" Date="20170823" Time="030823">Append C:\Users\AGRC-A~1\AppData\Local\Temp\scratch.gdb\OilGasWells_Paths "C:\Program Files\ArcGIS\Pro\bin\Python\envs\arcgispro-py3\lib\site-packages\forklift\..\forklift-garage\SGID10_Energy.sde\SGID10.ENERGY.OilGasWells_Paths" "Input schema must match target schema" # #</Process><Process ToolSource="c:\program files\arcgis\pro\Resources\ArcToolbox\toolboxes\Data Management Tools.tbx\DeleteRows" Date="20170824" Time="025817">DeleteRows "C:\Program Files\ArcGIS\Pro\bin\Python\envs\arcgispro-py3\lib\site-packages\forklift\..\forklift-garage\SGID10_Energy.sde\SGID10.ENERGY.OilGasWells_Paths"</Process><Process ToolSource="c:\program files\arcgis\pro\Resources\ArcToolbox\toolboxes\Data Management Tools.tbx\Append" Date="20170824" Time="025826">Append C:\Users\AGRC-A~1\AppData\Local\Temp\scratch.gdb\OilGasWells_Paths "C:\Program Files\ArcGIS\Pro\bin\Python\envs\arcgispro-py3\lib\site-packages\forklift\..\forklift-garage\SGID10_Energy.sde\SGID10.ENERGY.OilGasWells_Paths" "Input schema must match target schema" # #</Process><Process ToolSource="c:\program files\arcgis\pro\Resources\ArcToolbox\toolboxes\Data Management Tools.tbx\DeleteRows" Date="20170825" Time="031224">DeleteRows "C:\Program Files\ArcGIS\Pro\bin\Python\envs\arcgispro-py3\lib\site-packages\forklift\..\forklift-garage\SGID10_Energy.sde\SGID10.ENERGY.OilGasWells_Paths"</Process><Process ToolSource="c:\program files\arcgis\pro\Resources\ArcToolbox\toolboxes\Data Management Tools.tbx\Append" Date="20170825" Time="031232">Append C:\Users\AGRC-A~1\AppData\Local\Temp\scratch.gdb\OilGasWells_Paths "C:\Program Files\ArcGIS\Pro\bin\Python\envs\arcgispro-py3\lib\site-packages\forklift\..\forklift-garage\SGID10_Energy.sde\SGID10.ENERGY.OilGasWells_Paths" "Input schema must match target schema" # #</Process><Process ToolSource="c:\program files\arcgis\pro\Resources\ArcToolbox\toolboxes\Data Management Tools.tbx\DeleteRows" Date="20170828" Time="024752">DeleteRows "C:\Program Files\ArcGIS\Pro\bin\Python\envs\arcgispro-py3\lib\site-packages\forklift\..\forklift-garage\SGID10_Energy.sde\SGID10.ENERGY.OilGasWells_Paths"</Process><Process ToolSource="c:\program files\arcgis\pro\Resources\ArcToolbox\toolboxes\Data Management Tools.tbx\Append" Date="20170828" Time="024804">Append C:\Users\AGRC-A~1\AppData\Local\Temp\scratch.gdb\OilGasWells_Paths "C:\Program Files\ArcGIS\Pro\bin\Python\envs\arcgispro-py3\lib\site-packages\forklift\..\forklift-garage\SGID10_Energy.sde\SGID10.ENERGY.OilGasWells_Paths" "Input schema must match target schema" # #</Process><Process ToolSource="c:\program files\arcgis\pro\Resources\ArcToolbox\toolboxes\Data Management Tools.tbx\DeleteRows" Date="20170829" Time="025630">DeleteRows "C:\Program Files\ArcGIS\Pro\bin\Python\envs\arcgispro-py3\lib\site-packages\forklift\..\forklift-garage\SGID10_Energy.sde\SGID10.ENERGY.OilGasWells_Paths"</Process><Process ToolSource="c:\program files\arcgis\pro\Resources\ArcToolbox\toolboxes\Data Management Tools.tbx\Append" Date="20170829" Time="025638">Append C:\Users\AGRC-A~1\AppData\Local\Temp\scratch.gdb\OilGasWells_Paths "C:\Program Files\ArcGIS\Pro\bin\Python\envs\arcgispro-py3\lib\site-packages\forklift\..\forklift-garage\SGID10_Energy.sde\SGID10.ENERGY.OilGasWells_Paths" "Input schema must match target schema" # #</Process><Process ToolSource="c:\program files\arcgis\pro\Resources\ArcToolbox\toolboxes\Data Management Tools.tbx\DeleteRows" Date="20170830" Time="030249">DeleteRows "C:\Program Files\ArcGIS\Pro\bin\Python\envs\arcgispro-py3\lib\site-packages\forklift\..\forklift-garage\SGID10_Energy.sde\SGID10.ENERGY.OilGasWells_Paths"</Process><Process ToolSource="c:\program files\arcgis\pro\Resources\ArcToolbox\toolboxes\Data Management Tools.tbx\Append" Date="20170830" Time="030257">Append C:\Users\AGRC-A~1\AppData\Local\Temp\scratch.gdb\OilGasWells_Paths "C:\Program Files\ArcGIS\Pro\bin\Python\envs\arcgispro-py3\lib\site-packages\forklift\..\forklift-garage\SGID10_Energy.sde\SGID10.ENERGY.OilGasWells_Paths" "Input schema must match target schema" # #</Process><Process ToolSource="c:\program files\arcgis\pro\Resources\ArcToolbox\toolboxes\Data Management Tools.tbx\DeleteRows" Date="20170831" Time="025518">DeleteRows "C:\Program Files\ArcGIS\Pro\bin\Python\envs\arcgispro-py3\lib\site-packages\forklift\..\forklift-garage\SGID10_Energy.sde\SGID10.ENERGY.OilGasWells_Paths"</Process><Process ToolSource="c:\program files\arcgis\pro\Resources\ArcToolbox\toolboxes\Data Management Tools.tbx\Append" Date="20170831" Time="025526">Append C:\Users\AGRC-A~1\AppData\Local\Temp\scratch.gdb\OilGasWells_Paths "C:\Program Files\ArcGIS\Pro\bin\Python\envs\arcgispro-py3\lib\site-packages\forklift\..\forklift-garage\SGID10_Energy.sde\SGID10.ENERGY.OilGasWells_Paths" "Input schema must match target schema" # #</Process><Process ToolSource="c:\program files\arcgis\pro\Resources\ArcToolbox\toolboxes\Data Management Tools.tbx\DeleteRows" Date="20170901" Time="025627">DeleteRows "C:\Program Files\ArcGIS\Pro\bin\Python\envs\arcgispro-py3\lib\site-packages\forklift\..\forklift-garage\SGID10_Energy.sde\SGID10.ENERGY.OilGasWells_Paths"</Process><Process ToolSource="c:\program files\arcgis\pro\Resources\ArcToolbox\toolboxes\Data Management Tools.tbx\Append" Date="20170901" Time="025635">Append C:\Users\AGRC-A~1\AppData\Local\Temp\scratch.gdb\OilGasWells_Paths "C:\Program Files\ArcGIS\Pro\bin\Python\envs\arcgispro-py3\lib\site-packages\forklift\..\forklift-garage\SGID10_Energy.sde\SGID10.ENERGY.OilGasWells_Paths" "Input schema must match target schema" # #</Process><Process ToolSource="c:\program files\arcgis\pro\Resources\ArcToolbox\toolboxes\Data Management Tools.tbx\DeleteRows" Date="20170904" Time="025029">DeleteRows "C:\Program Files\ArcGIS\Pro\bin\Python\envs\arcgispro-py3\lib\site-packages\forklift\..\forklift-garage\SGID10_Energy.sde\SGID10.ENERGY.OilGasWells_Paths"</Process><Process ToolSource="c:\program files\arcgis\pro\Resources\ArcToolbox\toolboxes\Data Management Tools.tbx\Append" Date="20170904" Time="025036">Append C:\Users\AGRC-A~1\AppData\Local\Temp\scratch.gdb\OilGasWells_Paths "C:\Program Files\ArcGIS\Pro\bin\Python\envs\arcgispro-py3\lib\site-packages\forklift\..\forklift-garage\SGID10_Energy.sde\SGID10.ENERGY.OilGasWells_Paths" "Input schema must match target schema" # #</Process><Process ToolSource="c:\program files\arcgis\pro\Resources\ArcToolbox\toolboxes\Data Management Tools.tbx\DeleteRows" Date="20170905" Time="025420">DeleteRows "C:\Program Files\ArcGIS\Pro\bin\Python\envs\arcgispro-py3\lib\site-packages\forklift\..\forklift-garage\SGID10_Energy.sde\SGID10.ENERGY.OilGasWells_Paths"</Process><Process ToolSource="c:\program files\arcgis\pro\Resources\ArcToolbox\toolboxes\Data Management Tools.tbx\Append" Date="20170905" Time="025427">Append C:\Users\AGRC-A~1\AppData\Local\Temp\scratch.gdb\OilGasWells_Paths "C:\Program Files\ArcGIS\Pro\bin\Python\envs\arcgispro-py3\lib\site-packages\forklift\..\forklift-garage\SGID10_Energy.sde\SGID10.ENERGY.OilGasWells_Paths" "Input schema must match target schema" # #</Process><Process ToolSource="c:\program files\arcgis\pro\Resources\ArcToolbox\toolboxes\Data Management Tools.tbx\DeleteRows" Date="20170906" Time="025453">DeleteRows "C:\Program Files\ArcGIS\Pro\bin\Python\envs\arcgispro-py3\lib\site-packages\forklift\..\forklift-garage\SGID10_Energy.sde\SGID10.ENERGY.OilGasWells_Paths"</Process><Process ToolSource="c:\program files\arcgis\pro\Resources\ArcToolbox\toolboxes\Data Management Tools.tbx\Append" Date="20170906" Time="025501">Append C:\Users\AGRC-A~1\AppData\Local\Temp\scratch.gdb\OilGasWells_Paths "C:\Program Files\ArcGIS\Pro\bin\Python\envs\arcgispro-py3\lib\site-packages\forklift\..\forklift-garage\SGID10_Energy.sde\SGID10.ENERGY.OilGasWells_Paths" "Input schema must match target schema" # #</Process><Process ToolSource="c:\program files\arcgis\pro\Resources\ArcToolbox\toolboxes\Data Management Tools.tbx\DeleteRows" Date="20170907" Time="025233">DeleteRows "C:\Program Files\ArcGIS\Pro\bin\Python\envs\arcgispro-py3\lib\site-packages\forklift\..\forklift-garage\SGID10_Energy.sde\SGID10.ENERGY.OilGasWells_Paths"</Process><Process ToolSource="c:\program files\arcgis\pro\Resources\ArcToolbox\toolboxes\Data Management Tools.tbx\Append" Date="20170907" Time="025241">Append C:\Users\AGRC-A~1\AppData\Local\Temp\scratch.gdb\OilGasWells_Paths "C:\Program Files\ArcGIS\Pro\bin\Python\envs\arcgispro-py3\lib\site-packages\forklift\..\forklift-garage\SGID10_Energy.sde\SGID10.ENERGY.OilGasWells_Paths" "Input schema must match target schema" # #</Process><Process ToolSource="c:\program files\arcgis\pro\Resources\ArcToolbox\toolboxes\Data Management Tools.tbx\DeleteRows" Date="20170907" Time="141120">DeleteRows "C:\Program Files\ArcGIS\Pro\bin\Python\envs\arcgispro-py3\lib\site-packages\forklift\..\forklift-garage\SGID10_Energy.sde\SGID10.ENERGY.OilGasWells_Paths"</Process><Process ToolSource="c:\program files\arcgis\pro\Resources\ArcToolbox\toolboxes\Data Management Tools.tbx\Append" Date="20170907" Time="141129">Append C:\Users\AGRC-A~1\AppData\Local\Temp\9\scratch.gdb\OilGasWells_Paths "C:\Program Files\ArcGIS\Pro\bin\Python\envs\arcgispro-py3\lib\site-packages\forklift\..\forklift-garage\SGID10_Energy.sde\SGID10.ENERGY.OilGasWells_Paths" "Input schema must match target schema" # #</Process><Process ToolSource="c:\program files\arcgis\pro\Resources\ArcToolbox\toolboxes\Data Management Tools.tbx\DeleteRows" Date="20170908" Time="024320">DeleteRows "C:\Program Files\ArcGIS\Pro\bin\Python\envs\arcgispro-py3\lib\site-packages\forklift\..\forklift-garage\SGID10_Energy.sde\SGID10.ENERGY.OilGasWells_Paths"</Process><Process ToolSource="c:\program files\arcgis\pro\Resources\ArcToolbox\toolboxes\Data Management Tools.tbx\Append" Date="20170908" Time="024328">Append C:\Users\AGRC-A~1\AppData\Local\Temp\scratch.gdb\OilGasWells_Paths "C:\Program Files\ArcGIS\Pro\bin\Python\envs\arcgispro-py3\lib\site-packages\forklift\..\forklift-garage\SGID10_Energy.sde\SGID10.ENERGY.OilGasWells_Paths" "Input schema must match target schema" # #</Process><Process ToolSource="c:\program files\arcgis\pro\Resources\ArcToolbox\toolboxes\Data Management Tools.tbx\DeleteRows" Date="20170911" Time="023906">DeleteRows "C:\Program Files\ArcGIS\Pro\bin\Python\envs\arcgispro-py3\lib\site-packages\forklift\..\forklift-garage\SGID10_Energy.sde\SGID10.ENERGY.OilGasWells_Paths"</Process><Process ToolSource="c:\program files\arcgis\pro\Resources\ArcToolbox\toolboxes\Data Management Tools.tbx\Append" Date="20170911" Time="023913">Append C:\Users\AGRC-A~1\AppData\Local\Temp\scratch.gdb\OilGasWells_Paths "C:\Program Files\ArcGIS\Pro\bin\Python\envs\arcgispro-py3\lib\site-packages\forklift\..\forklift-garage\SGID10_Energy.sde\SGID10.ENERGY.OilGasWells_Paths" "Input schema must match target schema" # #</Process><Process ToolSource="c:\program files\arcgis\pro\Resources\ArcToolbox\toolboxes\Data Management Tools.tbx\DeleteRows" Date="20170912" Time="024502">DeleteRows "C:\Program Files\ArcGIS\Pro\bin\Python\envs\arcgispro-py3\lib\site-packages\forklift\..\forklift-garage\SGID10_Energy.sde\SGID10.ENERGY.OilGasWells_Paths"</Process><Process ToolSource="c:\program files\arcgis\pro\Resources\ArcToolbox\toolboxes\Data Management Tools.tbx\Append" Date="20170912" Time="024511">Append C:\Users\AGRC-A~1\AppData\Local\Temp\scratch.gdb\OilGasWells_Paths "C:\Program Files\ArcGIS\Pro\bin\Python\envs\arcgispro-py3\lib\site-packages\forklift\..\forklift-garage\SGID10_Energy.sde\SGID10.ENERGY.OilGasWells_Paths" "Input schema must match target schema" # #</Process><Process ToolSource="c:\program files\arcgis\pro\Resources\ArcToolbox\toolboxes\Data Management Tools.tbx\DeleteRows" Date="20170912" Time="085412">DeleteRows "C:\Program Files\ArcGIS\Pro\bin\Python\envs\arcgispro-py3\lib\site-packages\forklift\..\forklift-garage\SGID10_Energy.sde\SGID10.ENERGY.OilGasWells_Paths"</Process><Process ToolSource="c:\program files\arcgis\pro\Resources\ArcToolbox\toolboxes\Data Management Tools.tbx\Append" Date="20170912" Time="085421">Append C:\Users\AGRC-A~1\AppData\Local\Temp\7\scratch.gdb\OilGasWells_Paths "C:\Program Files\ArcGIS\Pro\bin\Python\envs\arcgispro-py3\lib\site-packages\forklift\..\forklift-garage\SGID10_Energy.sde\SGID10.ENERGY.OilGasWells_Paths" "Input schema must match target schema" # #</Process><Process ToolSource="c:\program files\arcgis\pro\Resources\ArcToolbox\toolboxes\Data Management Tools.tbx\DeleteRows" Date="20170912" Time="124823">DeleteRows "C:\Program Files\ArcGIS\Pro\bin\Python\envs\arcgispro-py3\lib\site-packages\forklift\..\forklift-garage\SGID10_Energy.sde\SGID10.ENERGY.OilGasWells_Paths"</Process><Process ToolSource="c:\program files\arcgis\pro\Resources\ArcToolbox\toolboxes\Data Management Tools.tbx\Append" Date="20170912" Time="124831">Append C:\Users\AGRC-A~1\AppData\Local\Temp\9\scratch.gdb\OilGasWells_Paths "C:\Program Files\ArcGIS\Pro\bin\Python\envs\arcgispro-py3\lib\site-packages\forklift\..\forklift-garage\SGID10_Energy.sde\SGID10.ENERGY.OilGasWells_Paths" "Input schema must match target schema" # #</Process><Process ToolSource="c:\program files\arcgis\pro\Resources\ArcToolbox\toolboxes\Data Management Tools.tbx\DeleteRows" Date="20170913" Time="034124">DeleteRows "C:\Program Files\ArcGIS\Pro\bin\Python\envs\arcgispro-py3\lib\site-packages\forklift\..\forklift-garage\SGID10_Energy.sde\SGID10.ENERGY.OilGasWells_Paths"</Process><Process ToolSource="c:\program files\arcgis\pro\Resources\ArcToolbox\toolboxes\Data Management Tools.tbx\Append" Date="20170913" Time="034134">Append C:\Users\AGRC-A~1\AppData\Local\Temp\scratch.gdb\OilGasWells_Paths "C:\Program Files\ArcGIS\Pro\bin\Python\envs\arcgispro-py3\lib\site-packages\forklift\..\forklift-garage\SGID10_Energy.sde\SGID10.ENERGY.OilGasWells_Paths" "Input schema must match target schema" # #</Process><Process ToolSource="c:\program files\arcgis\pro\Resources\ArcToolbox\toolboxes\Data Management Tools.tbx\DeleteRows" Date="20170914" Time="030535">DeleteRows "C:\Program Files\ArcGIS\Pro\bin\Python\envs\arcgispro-py3\lib\site-packages\forklift\..\forklift-garage\SGID10_Energy.sde\SGID10.ENERGY.OilGasWells_Paths"</Process><Process ToolSource="c:\program files\arcgis\pro\Resources\ArcToolbox\toolboxes\Data Management Tools.tbx\Append" Date="20170914" Time="030543">Append C:\Users\AGRC-A~1\AppData\Local\Temp\scratch.gdb\OilGasWells_Paths "C:\Program Files\ArcGIS\Pro\bin\Python\envs\arcgispro-py3\lib\site-packages\forklift\..\forklift-garage\SGID10_Energy.sde\SGID10.ENERGY.OilGasWells_Paths" "Input schema must match target schema" # #</Process><Process ToolSource="c:\program files\arcgis\pro\Resources\ArcToolbox\toolboxes\Data Management Tools.tbx\DeleteRows" Date="20170915" Time="033924">DeleteRows "C:\Program Files\ArcGIS\Pro\bin\Python\envs\arcgispro-py3\lib\site-packages\forklift\..\forklift-garage\SGID10_Energy.sde\SGID10.ENERGY.OilGasWells_Paths"</Process><Process ToolSource="c:\program files\arcgis\pro\Resources\ArcToolbox\toolboxes\Data Management Tools.tbx\Append" Date="20170915" Time="033932">Append C:\Users\AGRC-A~1\AppData\Local\Temp\scratch.gdb\OilGasWells_Paths "C:\Program Files\ArcGIS\Pro\bin\Python\envs\arcgispro-py3\lib\site-packages\forklift\..\forklift-garage\SGID10_Energy.sde\SGID10.ENERGY.OilGasWells_Paths" "Input schema must match target schema" # #</Process><Process ToolSource="c:\program files\arcgis\pro\Resources\ArcToolbox\toolboxes\Data Management Tools.tbx\DeleteRows" Date="20170918" Time="031546">DeleteRows "C:\Program Files\ArcGIS\Pro\bin\Python\envs\arcgispro-py3\lib\site-packages\forklift\..\forklift-garage\SGID10_Energy.sde\SGID10.ENERGY.OilGasWells_Paths"</Process><Process ToolSource="c:\program files\arcgis\pro\Resources\ArcToolbox\toolboxes\Data Management Tools.tbx\Append" Date="20170918" Time="031554">Append C:\Users\AGRC-A~1\AppData\Local\Temp\scratch.gdb\OilGasWells_Paths "C:\Program Files\ArcGIS\Pro\bin\Python\envs\arcgispro-py3\lib\site-packages\forklift\..\forklift-garage\SGID10_Energy.sde\SGID10.ENERGY.OilGasWells_Paths" "Input schema must match target schema" # #</Process><Process ToolSource="c:\program files\arcgis\pro\Resources\ArcToolbox\toolboxes\Data Management Tools.tbx\DeleteRows" Date="20170919" Time="032744">DeleteRows "C:\Program Files\ArcGIS\Pro\bin\Python\envs\arcgispro-py3\lib\site-packages\forklift\..\forklift-garage\SGID10_Energy.sde\SGID10.ENERGY.OilGasWells_Paths"</Process><Process ToolSource="c:\program files\arcgis\pro\Resources\ArcToolbox\toolboxes\Data Management Tools.tbx\Append" Date="20170919" Time="032752">Append C:\Users\AGRC-A~1\AppData\Local\Temp\scratch.gdb\OilGasWells_Paths "C:\Program Files\ArcGIS\Pro\bin\Python\envs\arcgispro-py3\lib\site-packages\forklift\..\forklift-garage\SGID10_Energy.sde\SGID10.ENERGY.OilGasWells_Paths" "Input schema must match target schema" # #</Process><Process ToolSource="c:\program files\arcgis\pro\Resources\ArcToolbox\toolboxes\Data Management Tools.tbx\DeleteRows" Date="20170919" Time="103010">DeleteRows "C:\Program Files\ArcGIS\Pro\bin\Python\envs\arcgispro-py3\lib\site-packages\forklift\..\forklift-garage\SGID10_Energy.sde\SGID10.ENERGY.OilGasWells_Paths"</Process><Process ToolSource="c:\program files\arcgis\pro\Resources\ArcToolbox\toolboxes\Data Management Tools.tbx\Append" Date="20170919" Time="103021">Append C:\Users\AGRC-A~1\AppData\Local\Temp\2\scratch.gdb\OilGasWells_Paths "C:\Program Files\ArcGIS\Pro\bin\Python\envs\arcgispro-py3\lib\site-packages\forklift\..\forklift-garage\SGID10_Energy.sde\SGID10.ENERGY.OilGasWells_Paths" "Input schema must match target schema" # #</Process><Process ToolSource="c:\program files\arcgis\pro\Resources\ArcToolbox\toolboxes\Data Management Tools.tbx\DeleteRows" Date="20170920" Time="034217">DeleteRows "C:\Program Files\ArcGIS\Pro\bin\Python\envs\arcgispro-py3\lib\site-packages\forklift\..\forklift-garage\SGID10_Energy.sde\SGID10.ENERGY.OilGasWells_Paths"</Process><Process ToolSource="c:\program files\arcgis\pro\Resources\ArcToolbox\toolboxes\Data Management Tools.tbx\Append" Date="20170920" Time="034226">Append C:\Users\AGRC-A~1\AppData\Local\Temp\scratch.gdb\OilGasWells_Paths "C:\Program Files\ArcGIS\Pro\bin\Python\envs\arcgispro-py3\lib\site-packages\forklift\..\forklift-garage\SGID10_Energy.sde\SGID10.ENERGY.OilGasWells_Paths" "Input schema must match target schema" # #</Process><Process ToolSource="c:\program files\arcgis\pro\Resources\ArcToolbox\toolboxes\Data Management Tools.tbx\DeleteRows" Date="20170921" Time="032336">DeleteRows "C:\Program Files\ArcGIS\Pro\bin\Python\envs\arcgispro-py3\lib\site-packages\forklift\..\forklift-garage\SGID10_Energy.sde\SGID10.ENERGY.OilGasWells_Paths"</Process><Process ToolSource="c:\program files\arcgis\pro\Resources\ArcToolbox\toolboxes\Data Management Tools.tbx\Append" Date="20170921" Time="032344">Append C:\Users\AGRC-A~1\AppData\Local\Temp\scratch.gdb\OilGasWells_Paths "C:\Program Files\ArcGIS\Pro\bin\Python\envs\arcgispro-py3\lib\site-packages\forklift\..\forklift-garage\SGID10_Energy.sde\SGID10.ENERGY.OilGasWells_Paths" "Input schema must match target schema" # #</Process><Process ToolSource="c:\program files\arcgis\pro\Resources\ArcToolbox\toolboxes\Data Management Tools.tbx\DeleteRows" Date="20170921" Time="074250">DeleteRows "C:\Program Files\ArcGIS\Pro\bin\Python\envs\arcgispro-py3\lib\site-packages\forklift\..\forklift-garage\SGID10_Energy.sde\SGID10.ENERGY.OilGasWells_Paths"</Process><Process ToolSource="c:\program files\arcgis\pro\Resources\ArcToolbox\toolboxes\Data Management Tools.tbx\Append" Date="20170921" Time="074304">Append C:\Users\AGRC-A~1\AppData\Local\Temp\2\scratch.gdb\OilGasWells_Paths "C:\Program Files\ArcGIS\Pro\bin\Python\envs\arcgispro-py3\lib\site-packages\forklift\..\forklift-garage\SGID10_Energy.sde\SGID10.ENERGY.OilGasWells_Paths" "Input schema must match target schema" # #</Process><Process ToolSource="c:\program files\arcgis\pro\Resources\ArcToolbox\toolboxes\Data Management Tools.tbx\DeleteRows" Date="20170922" Time="034137">DeleteRows "C:\Program Files\ArcGIS\Pro\bin\Python\envs\arcgispro-py3\lib\site-packages\forklift\..\forklift-garage\SGID10_Energy.sde\SGID10.ENERGY.OilGasWells_Paths"</Process><Process ToolSource="c:\program files\arcgis\pro\Resources\ArcToolbox\toolboxes\Data Management Tools.tbx\Append" Date="20170922" Time="034145">Append C:\Users\AGRC-A~1\AppData\Local\Temp\scratch.gdb\OilGasWells_Paths "C:\Program Files\ArcGIS\Pro\bin\Python\envs\arcgispro-py3\lib\site-packages\forklift\..\forklift-garage\SGID10_Energy.sde\SGID10.ENERGY.OilGasWells_Paths" "Input schema must match target schema" # #</Process><Process ToolSource="c:\program files\arcgis\pro\Resources\ArcToolbox\toolboxes\Data Management Tools.tbx\DeleteRows" Date="20170925" Time="002057">DeleteRows "C:\Program Files\ArcGIS\Pro\bin\Python\envs\arcgispro-py3\lib\site-packages\forklift\..\forklift-garage\SGID10_Energy.sde\SGID10.ENERGY.OilGasWells_Paths"</Process><Process ToolSource="c:\program files\arcgis\pro\Resources\ArcToolbox\toolboxes\Data Management Tools.tbx\Append" Date="20170925" Time="002105">Append C:\Users\AGRC-A~1\AppData\Local\Temp\scratch.gdb\OilGasWells_Paths "C:\Program Files\ArcGIS\Pro\bin\Python\envs\arcgispro-py3\lib\site-packages\forklift\..\forklift-garage\SGID10_Energy.sde\SGID10.ENERGY.OilGasWells_Paths" "Input schema must match target schema" # #</Process><Process ToolSource="c:\program files\arcgis\pro\Resources\ArcToolbox\toolboxes\Data Management Tools.tbx\DeleteRows" Date="20170926" Time="002230">DeleteRows "C:\Program Files\ArcGIS\Pro\bin\Python\envs\arcgispro-py3\lib\site-packages\forklift\..\forklift-garage\SGID10_Energy.sde\SGID10.ENERGY.OilGasWells_Paths"</Process><Process ToolSource="c:\program files\arcgis\pro\Resources\ArcToolbox\toolboxes\Data Management Tools.tbx\Append" Date="20170926" Time="002238">Append C:\Users\AGRC-A~1\AppData\Local\Temp\scratch.gdb\OilGasWells_Paths "C:\Program Files\ArcGIS\Pro\bin\Python\envs\arcgispro-py3\lib\site-packages\forklift\..\forklift-garage\SGID10_Energy.sde\SGID10.ENERGY.OilGasWells_Paths" "Input schema must match target schema" # #</Process><Process ToolSource="c:\program files\arcgis\pro\Resources\ArcToolbox\toolboxes\Data Management Tools.tbx\DeleteRows" Date="20170927" Time="002213">DeleteRows "C:\Program Files\ArcGIS\Pro\bin\Python\envs\arcgispro-py3\lib\site-packages\forklift\..\forklift-garage\SGID10_Energy.sde\SGID10.ENERGY.OilGasWells_Paths"</Process><Process ToolSource="c:\program files\arcgis\pro\Resources\ArcToolbox\toolboxes\Data Management Tools.tbx\Append" Date="20170927" Time="002221">Append C:\Users\AGRC-A~1\AppData\Local\Temp\scratch.gdb\OilGasWells_Paths "C:\Program Files\ArcGIS\Pro\bin\Python\envs\arcgispro-py3\lib\site-packages\forklift\..\forklift-garage\SGID10_Energy.sde\SGID10.ENERGY.OilGasWells_Paths" "Input schema must match target schema" # #</Process><Process ToolSource="c:\program files\arcgis\pro\Resources\ArcToolbox\toolboxes\Data Management Tools.tbx\DeleteRows" Date="20170928" Time="002228">DeleteRows "C:\Program Files\ArcGIS\Pro\bin\Python\envs\arcgispro-py3\lib\site-packages\forklift\..\forklift-garage\SGID10_Energy.sde\SGID10.ENERGY.OilGasWells_Paths"</Process><Process ToolSource="c:\program files\arcgis\pro\Resources\ArcToolbox\toolboxes\Data Management Tools.tbx\Append" Date="20170928" Time="002235">Append C:\Users\AGRC-A~1\AppData\Local\Temp\scratch.gdb\OilGasWells_Paths "C:\Program Files\ArcGIS\Pro\bin\Python\envs\arcgispro-py3\lib\site-packages\forklift\..\forklift-garage\SGID10_Energy.sde\SGID10.ENERGY.OilGasWells_Paths" "Input schema must match target schema" # #</Process><Process ToolSource="c:\program files\arcgis\pro\Resources\ArcToolbox\toolboxes\Data Management Tools.tbx\DeleteRows" Date="20170929" Time="002132">DeleteRows "C:\Program Files\ArcGIS\Pro\bin\Python\envs\arcgispro-py3\lib\site-packages\forklift\..\forklift-garage\SGID10_Energy.sde\SGID10.ENERGY.OilGasWells_Paths"</Process><Process ToolSource="c:\program files\arcgis\pro\Resources\ArcToolbox\toolboxes\Data Management Tools.tbx\Append" Date="20170929" Time="002141">Append C:\Users\AGRC-A~1\AppData\Local\Temp\scratch.gdb\OilGasWells_Paths "C:\Program Files\ArcGIS\Pro\bin\Python\envs\arcgispro-py3\lib\site-packages\forklift\..\forklift-garage\SGID10_Energy.sde\SGID10.ENERGY.OilGasWells_Paths" "Input schema must match target schema" # #</Process><Process ToolSource="c:\program files\arcgis\server\ArcToolbox\Toolboxes\Data Management Tools.tbx\CopyFeatures" Date="20170929" Time="092751">CopyFeatures C:\Users\agrc-arcgis\AppData\Roaming\Esri\Desktop10.3\ArcCatalog\agrc@sgid10.sde\SGID10.ENERGY.OilGasWells_Paths package_temp\OilGasWells_Paths.gdb\OilGasWells_Paths # 0 0 0</Process><Process ToolSource="c:\program files\arcgis\server\ArcToolbox\Toolboxes\Data Management Tools.tbx\CopyFeatures" Date="20170929" Time="092752">CopyFeatures package_temp\OilGasWells_Paths.gdb\OilGasWells_Paths package_temp\OilGasWells_Paths\OilGasWells_Paths.shp # 0 0 0</Process></lineage><itemProps><itemLocation><linkage Sync="TRUE">file://\\ITAS112ST\C$\KW_GIS\sgid-to-drive\package_temp\OilGasWells_Paths\OilGasWells_Paths.shp</linkage><protocol Sync="TRUE">Local Area Network</protocol></itemLocation><itemName Sync="TRUE">OilGasWells_Paths</itemName><imsContentType Sync="TRUE">002</imsContentType><nativeExtBox><westBL Sync="TRUE">342032.000100</westBL><eastBL Sync="TRUE">670496.000100</eastBL><southBL Sync="TRUE">4112449.000100</southBL><northBL Sync="TRUE">4635643.000100</northBL><exTypeCode Sync="TRUE">1</exTypeCode></nativeExtBox><itemSize Sync="TRUE">0.000</itemSize></itemProps><coordRef><type Sync="TRUE">Projected</type><geogcsn Sync="TRUE">GCS_North_American_1983</geogcsn><csUnits Sync="TRUE">Linear Unit: Meter (1.000000)</csUnits><projcsn Sync="TRUE">NAD_1983_UTM_Zone_12N</projcsn><peXml Sync="TRUE">&lt;ProjectedCoordinateSystem xsi:type='typens:ProjectedCoordinateSystem' xmlns:xsi='http://www.w3.org/2001/XMLSchema-instance' xmlns:xs='http://www.w3.org/2001/XMLSchema' xmlns:typens='http://www.esri.com/schemas/ArcGIS/10.3'&gt;&lt;WKT&gt;PROJCS[&amp;quot;NAD_1983_UTM_Zone_12N&amp;quot;,GEOGCS[&amp;quot;GCS_North_American_1983&amp;quot;,DATUM[&amp;quot;D_North_American_1983&amp;quot;,SPHEROID[&amp;quot;GRS_1980&amp;quot;,6378137.0,298.257222101]],PRIMEM[&amp;quot;Greenwich&amp;quot;,0.0],UNIT[&amp;quot;Degree&amp;quot;,0.0174532925199433]],PROJECTION[&amp;quot;Transverse_Mercator&amp;quot;],PARAMETER[&amp;quot;False_Easting&amp;quot;,500000.0],PARAMETER[&amp;quot;False_Northing&amp;quot;,0.0],PARAMETER[&amp;quot;Central_Meridian&amp;quot;,-111.0],PARAMETER[&amp;quot;Scale_Factor&amp;quot;,0.9996],PARAMETER[&amp;quot;Latitude_Of_Origin&amp;quot;,0.0],UNIT[&amp;quot;Meter&amp;quot;,1.0],AUTHORITY[&amp;quot;EPSG&amp;quot;,26912]]&lt;/WKT&gt;&lt;XOrigin&gt;-5120900&lt;/XOrigin&gt;&lt;YOrigin&gt;-9998100&lt;/YOrigin&gt;&lt;XYScale&gt;450445547.3910538&lt;/XYScale&gt;&lt;ZOrigin&gt;-100000&lt;/ZOrigin&gt;&lt;ZScale&gt;10000&lt;/ZScale&gt;&lt;MOrigin&gt;-100000&lt;/MOrigin&gt;&lt;MScale&gt;10000&lt;/MScale&gt;&lt;XYTolerance&gt;0.001&lt;/XYTolerance&gt;&lt;ZTolerance&gt;0.001&lt;/ZTolerance&gt;&lt;MTolerance&gt;0.001&lt;/MTolerance&gt;&lt;HighPrecision&gt;true&lt;/HighPrecision&gt;&lt;WKID&gt;26912&lt;/WKID&gt;&lt;LatestWKID&gt;26912&lt;/LatestWKID&gt;&lt;/ProjectedCoordinateSystem&gt;</peXml></coordRef></DataProperties><ArcGISstyle>FGDC CSDGM Metadata</ArcGISstyle><SyncDate>20170929</SyncDate><SyncTime>09275100</SyncTime><ModDate>20170929</ModDate><ModTime>09275100</ModTime><scaleRange><minScale>150000000</minScale><maxScale>5000</maxScale></scaleRange><ArcGISProfile>ItemDescription</ArcGISProfile></Esri><dataIdInfo><envirDesc Sync="TRUE"> Version 6.2 (Build 9200) ; Esri ArcGIS 10.3.1.4959</envirDesc><dataLang><languageCode value="eng" Sync="TRUE"/><countryCode value="USA" Sync="TRUE"/></dataLang><idCitation><resTitle Sync="TRUE">OilGasWells_Paths</resTitle><presForm><PresFormCd value="005" Sync="TRUE"/></presForm></idCitation><spatRpType><SpatRepTypCd value="001" Sync="TRUE"/></spatRpType><dataExt><geoEle xmlns=""><GeoBndBox esriExtentType="search"><exTypeCode Sync="TRUE">1</exTypeCode><westBL Sync="TRUE">-112.903124</westBL><eastBL Sync="TRUE">-108.946035</eastBL><northBL Sync="TRUE">41.872705</northBL><southBL Sync="TRUE">37.142892</southBL></GeoBndBox></geoEle></dataExt><idPurp>Depicts Oil and Gas l Horizontal drill paths (lines) for horizontallly drilled wells only. This dataset is updated nightly through a database connection with DNR-OGM. Paths are not included where the bottom hole point is located more than 2000 meters from its surface well location as these cases are likely to be data errors.</idPurp><idAbs>&lt;DIV STYLE="text-align:Left;"&gt;&lt;DIV&gt;&lt;P&gt;&lt;SPAN&gt;Utah Oil and Gas Well Horizontal drill paths. From the Utah Department of Natural Resources, Oil Gas and Mining Division ArcSDE content updated nightly. File and Folder system dates indicate date of export from SDE. More information at: http://gis.utah.gov/data/energy/oil-gas/&lt;/SPAN&gt;&lt;/P&gt;&lt;/DIV&gt;&lt;/DIV&gt;</idAbs><searchKeys><keyword>oil</keyword><keyword>gas</keyword><keyword>well</keyword><keyword>mining</keyword><keyword>natural resources</keyword><keyword>lease</keyword><keyword>extraction</keyword><keyword>bottom</keyword><keyword>hole</keyword><keyword>horizontal</keyword><keyword>drilling</keyword><keyword>path</keyword></searchKeys></dataIdInfo><mdLang><languageCode value="eng" Sync="TRUE"/><countryCode value="USA" Sync="TRUE"/></mdLang><distInfo><distFormat><formatName Sync="TRUE">Shapefile</formatName></distFormat><distTranOps><transSize Sync="TRUE">0.000</transSize></distTranOps></distInfo><mdHrLv><ScopeCd value="005" Sync="TRUE"/></mdHrLv><mdHrLvName Sync="TRUE">dataset</mdHrLvName><refSysInfo><RefSystem><refSysID><identCode code="26912" Sync="TRUE"/><idCodeSpace Sync="TRUE">EPSG</idCodeSpace><idVersion Sync="TRUE">8.6.2</idVersion></refSysID></RefSystem></refSysInfo><spatRepInfo><VectSpatRep><geometObjs Name="OilGasWells_Paths"><geoObjTyp><GeoObjTypCd value="002" Sync="TRUE"></GeoObjTypCd></geoObjTyp><geoObjCnt Sync="TRUE">0</geoObjCnt></geometObjs><topLvl><TopoLevCd value="001" Sync="TRUE"></TopoLevCd></topLvl></VectSpatRep></spatRepInfo><spdoinfo><ptvctinf><esriterm Name="OilGasWells_Paths"><efeatyp Sync="TRUE">Simple</efeatyp><efeageom code="3" Sync="TRUE"></efeageom><esritopo Sync="TRUE">FALSE</esritopo><efeacnt Sync="TRUE">0</efeacnt><spindex Sync="TRUE">FALSE</spindex><linrefer Sync="TRUE">FALSE</linrefer></esriterm></ptvctinf></spdoinfo><eainfo><detailed Name="OilGasWells_Paths"><enttyp><enttypl Sync="TRUE">OilGasWells_Paths</enttypl><enttypt Sync="TRUE">Feature Class</enttypt><enttypc Sync="TRUE">0</enttypc></enttyp><attr><attrlabl Sync="TRUE">FID</attrlabl><attalias Sync="TRUE">FID</attalias><attrtype Sync="TRUE">OID</attrtype><attwidth Sync="TRUE">4</attwidth><atprecis Sync="TRUE">0</atprecis><attscale Sync="TRUE">0</attscale><attrdef Sync="TRUE">Internal feature number.</attrdef><attrdefs Sync="TRUE">Esri</attrdefs><attrdomv><udom Sync="TRUE">Sequential unique whole numbers that are automatically generated.</udom></attrdomv></attr><attr><attrlabl Sync="TRUE">API</attrlabl><attalias Sync="TRUE">API</attalias><attrtype Sync="TRUE">String</attrtype><attwidth Sync="TRUE">32</attwidth><atprecis Sync="TRUE">0</atprecis><attscale Sync="TRUE">0</attscale></attr><attr><attrlabl Sync="TRUE">SHAPE</attrlabl><attalias Sync="TRUE">Shape</attalias><attrtype Sync="TRUE">Geometry</attrtype><attwidth Sync="TRUE">0</attwidth><atprecis Sync="TRUE">0</atprecis><attscale Sync="TRUE">0</attscale><attrdef Sync="TRUE">Feature geometry.</attrdef><attrdefs Sync="TRUE">Esri</attrdefs><attrdomv><udom Sync="TRUE">Coordinates defining the features.</udom></attrdomv></attr><attr><attrlabl Sync="TRUE">ConstructN</attrlabl><attalias Sync="TRUE">ConstructN</attalias><attrtype Sync="TRUE">SmallInteger</attrtype><attwidth Sync="TRUE">5</attwidth><atprecis Sync="TRUE">5</atprecis><attscale Sync="TRUE">0</attscale></attr><attr><attrlabl Sync="TRUE">SHAPE_Leng</attrlabl><attalias Sync="TRUE">SHAPE_Leng</attalias><attrtype Sync="TRUE">Double</attrtype><attwidth Sync="TRUE">19</attwidth><atprecis Sync="TRUE">0</atprecis><attscale Sync="TRUE">0</attscale></attr></detailed></eainfo><mdDateSt Sync="TRUE">20170929</mdDateSt></metadata>
