<metadata xml:lang="en"><Esri><CreaDate>20170626</CreaDate><CreaTime>11001300</CreaTime><ArcGISFormat>1.0</ArcGISFormat><SyncOnce>FALSE</SyncOnce><DataProperties><lineage><Process ToolSource="c:\program files\arcgis\pro\Resources\ArcToolbox\Toolboxes\Data Management Tools.tbx\DeleteRows" Date="20170626" Time="080953" Name="" export="">DeleteRows "c:\Program Files\ArcGIS\Pro\bin\Python\envs\arcgispro-py3\lib\site-packages\forklift\..\forklift-garage\SGID10_Energy.sde\SGID10.ENERGY.DNROilGasWells_DownHoles"</Process><Process ToolSource="c:\program files\arcgis\pro\Resources\ArcToolbox\Toolboxes\Data Management Tools.tbx\Append" Date="20170626" Time="081010" Name="" export="">Append C:\Users\AGRC-A~1\AppData\Local\Temp\1\scratch.gdb\DNROilGasWells_DownHoles "c:\Program Files\ArcGIS\Pro\bin\Python\envs\arcgispro-py3\lib\site-packages\forklift\..\forklift-garage\SGID10_Energy.sde\SGID10.ENERGY.DNROilGasWells_DownHoles" "Input schema must match target schema" # #</Process><Process ToolSource="c:\program files\arcgis\pro\Resources\ArcToolbox\Toolboxes\Data Management Tools.tbx\DeleteRows" Date="20170626" Time="095626" Name="" export="">DeleteRows "c:\Program Files\ArcGIS\Pro\bin\Python\envs\arcgispro-py3\lib\site-packages\forklift\..\forklift-garage\SGID10_Energy.sde\SGID10.ENERGY.DNROilGasWells_DownHoles"</Process><Process ToolSource="c:\program files\arcgis\pro\Resources\ArcToolbox\Toolboxes\Data Management Tools.tbx\Append" Date="20170626" Time="095638" Name="" export="">Append C:\Users\AGRC-A~1\AppData\Local\Temp\1\scratch.gdb\DNROilGasWells_DownHoles "c:\Program Files\ArcGIS\Pro\bin\Python\envs\arcgispro-py3\lib\site-packages\forklift\..\forklift-garage\SGID10_Energy.sde\SGID10.ENERGY.DNROilGasWells_DownHoles" "Input schema must match target schema" # #</Process><Process ToolSource="c:\program files\arcgis\pro\Resources\ArcToolbox\Toolboxes\Data Management Tools.tbx\DeleteRows" Date="20170626" Time="100833" Name="" export="">DeleteRows "c:\Program Files\ArcGIS\Pro\bin\Python\envs\arcgispro-py3\lib\site-packages\forklift\..\forklift-garage\SGID10_Energy.sde\SGID10.ENERGY.DNROilGasWells_DownHoles"</Process><Process ToolSource="c:\program files\arcgis\pro\Resources\ArcToolbox\Toolboxes\Data Management Tools.tbx\Append" Date="20170626" Time="100847" Name="" export="">Append C:\Users\AGRC-A~1\AppData\Local\Temp\1\scratch.gdb\DNROilGasWells_DownHoles "c:\Program Files\ArcGIS\Pro\bin\Python\envs\arcgispro-py3\lib\site-packages\forklift\..\forklift-garage\SGID10_Energy.sde\SGID10.ENERGY.DNROilGasWells_DownHoles" "Input schema must match target schema" # #</Process><Process ToolSource="c:\program files\arcgis\pro\Resources\ArcToolbox\Toolboxes\Data Management Tools.tbx\DeleteRows" Date="20170626" Time="102228" Name="" export="">DeleteRows "c:\Program Files\ArcGIS\Pro\bin\Python\envs\arcgispro-py3\lib\site-packages\forklift\..\forklift-garage\SGID10_Energy.sde\SGID10.ENERGY.DNROilGasWells_DownHoles"</Process><Process ToolSource="c:\program files\arcgis\pro\Resources\ArcToolbox\Toolboxes\Data Management Tools.tbx\Append" Date="20170626" Time="102246" Name="" export="">Append C:\Users\AGRC-A~1\AppData\Local\Temp\1\scratch.gdb\DNROilGasWells_DownHoles "c:\Program Files\ArcGIS\Pro\bin\Python\envs\arcgispro-py3\lib\site-packages\forklift\..\forklift-garage\SGID10_Energy.sde\SGID10.ENERGY.DNROilGasWells_DownHoles" "Input schema must match target schema" # #</Process><Process ToolSource="c:\program files\arcgis\pro\Resources\ArcToolbox\Toolboxes\Data Management Tools.tbx\DeleteRows" Date="20170626" Time="103038" Name="" export="">DeleteRows "c:\Program Files\ArcGIS\Pro\bin\Python\envs\arcgispro-py3\lib\site-packages\forklift\..\forklift-garage\SGID10_Energy.sde\SGID10.ENERGY.DNROilGasWells_DownHoles"</Process><Process ToolSource="c:\program files\arcgis\pro\Resources\ArcToolbox\Toolboxes\Data Management Tools.tbx\Append" Date="20170626" Time="103056" Name="" export="">Append C:\Users\AGRC-A~1\AppData\Local\Temp\1\scratch.gdb\DNROilGasWells_DownHoles "c:\Program Files\ArcGIS\Pro\bin\Python\envs\arcgispro-py3\lib\site-packages\forklift\..\forklift-garage\SGID10_Energy.sde\SGID10.ENERGY.DNROilGasWells_DownHoles" "Input schema must match target schema" # #</Process><Process ToolSource="c:\program files\arcgis\pro\Resources\ArcToolbox\Toolboxes\Data Management Tools.tbx\DeleteRows" Date="20170626" Time="103444" Name="" export="">DeleteRows "c:\Program Files\ArcGIS\Pro\bin\Python\envs\arcgispro-py3\lib\site-packages\forklift\..\forklift-garage\SGID10_Energy.sde\SGID10.ENERGY.DNROilGasWells_DownHoles"</Process><Process ToolSource="c:\program files\arcgis\pro\Resources\ArcToolbox\Toolboxes\Data Management Tools.tbx\Append" Date="20170626" Time="103503" Name="" export="">Append C:\Users\AGRC-A~1\AppData\Local\Temp\1\scratch.gdb\DNROilGasWells_DownHoles "c:\Program Files\ArcGIS\Pro\bin\Python\envs\arcgispro-py3\lib\site-packages\forklift\..\forklift-garage\SGID10_Energy.sde\SGID10.ENERGY.DNROilGasWells_DownHoles" "Input schema must match target schema" # #</Process><Process ToolSource="c:\program files (x86)\arcgis\desktop10.4\ArcToolbox\Toolboxes\Data Management Tools.tbx\ChangePrivileges" Date="20170629" Time="092723" Name="" export="">ChangePrivileges 'Database Connections\DC_Energy@SGID10@sgid.agrc.utah.gov.sde\SGID10.ENERGY.OilGasWells';'Database Connections\DC_Energy@SGID10@sgid.agrc.utah.gov.sde\SGID10.ENERGY.OilGasWells_DownHoles';'Database Connections\DC_Energy@SGID10@sgid.agrc.utah.gov.sde\SGID10.ENERGY.OilGasWells_Paths' agrc GRANT AS_IS</Process><Process ToolSource="c:\program files (x86)\arcgis\desktop10.4\ArcToolbox\Toolboxes\Data Management Tools.tbx\ChangePrivileges" Date="20170629" Time="092753" Name="" export="">ChangePrivileges 'Database Connections\DC_Energy@SGID10@sgid.agrc.utah.gov.sde\SGID10.ENERGY.OilGasWells';'Database Connections\DC_Energy@SGID10@sgid.agrc.utah.gov.sde\SGID10.ENERGY.OilGasWells_DownHoles';'Database Connections\DC_Energy@SGID10@sgid.agrc.utah.gov.sde\SGID10.ENERGY.OilGasWells_Paths' SearchAPI GRANT AS_IS</Process><Process ToolSource="c:\program files\arcgis\pro\Resources\ArcToolbox\Toolboxes\Data Management Tools.tbx\DeleteRows" Date="20170629" Time="104156" Name="" export="">DeleteRows "c:\Program Files\ArcGIS\Pro\bin\Python\envs\arcgispro-py3\lib\site-packages\forklift\..\forklift-garage\SGID10_Energy.sde\SGID10.ENERGY.OilGasWells_DownHoles"</Process><Process ToolSource="c:\program files\arcgis\pro\Resources\ArcToolbox\Toolboxes\Data Management Tools.tbx\Append" Date="20170629" Time="104234" Name="" export="">Append C:\Users\AGRC-A~1\AppData\Local\Temp\4\scratch.gdb\OilGasWells_DownHoles "c:\Program Files\ArcGIS\Pro\bin\Python\envs\arcgispro-py3\lib\site-packages\forklift\..\forklift-garage\SGID10_Energy.sde\SGID10.ENERGY.OilGasWells_DownHoles" "Input schema must match target schema" # #</Process><Process ToolSource="c:\program files\arcgis\pro\Resources\ArcToolbox\Toolboxes\Data Management Tools.tbx\DeleteRows" Date="20170629" Time="105032" Name="" export="">DeleteRows "c:\Program Files\ArcGIS\Pro\bin\Python\envs\arcgispro-py3\lib\site-packages\forklift\..\forklift-garage\SGID10_Energy.sde\SGID10.ENERGY.OilGasWells_DownHoles"</Process><Process ToolSource="c:\program files\arcgis\pro\Resources\ArcToolbox\Toolboxes\Data Management Tools.tbx\Append" Date="20170629" Time="105108" Name="" export="">Append C:\Users\AGRC-A~1\AppData\Local\Temp\4\scratch.gdb\OilGasWells_DownHoles "c:\Program Files\ArcGIS\Pro\bin\Python\envs\arcgispro-py3\lib\site-packages\forklift\..\forklift-garage\SGID10_Energy.sde\SGID10.ENERGY.OilGasWells_DownHoles" "Input schema must match target schema" # #</Process><Process ToolSource="c:\program files\arcgis\pro\Resources\ArcToolbox\Toolboxes\Data Management Tools.tbx\DeleteRows" Date="20170629" Time="105646" Name="" export="">DeleteRows "c:\Program Files\ArcGIS\Pro\bin\Python\envs\arcgispro-py3\lib\site-packages\forklift\..\forklift-garage\SGID10_Energy.sde\SGID10.ENERGY.OilGasWells_DownHoles"</Process><Process ToolSource="c:\program files\arcgis\pro\Resources\ArcToolbox\Toolboxes\Data Management Tools.tbx\Append" Date="20170629" Time="105722" Name="" export="">Append C:\Users\AGRC-A~1\AppData\Local\Temp\4\scratch.gdb\OilGasWells_DownHoles "c:\Program Files\ArcGIS\Pro\bin\Python\envs\arcgispro-py3\lib\site-packages\forklift\..\forklift-garage\SGID10_Energy.sde\SGID10.ENERGY.OilGasWells_DownHoles" "Input schema must match target schema" # #</Process><Process ToolSource="c:\program files\arcgis\pro\Resources\ArcToolbox\Toolboxes\Data Management Tools.tbx\DeleteRows" Date="20170629" Time="110143" Name="" export="">DeleteRows "c:\Program Files\ArcGIS\Pro\bin\Python\envs\arcgispro-py3\lib\site-packages\forklift\..\forklift-garage\SGID10_Energy.sde\SGID10.ENERGY.OilGasWells_DownHoles"</Process><Process ToolSource="c:\program files\arcgis\pro\Resources\ArcToolbox\Toolboxes\Data Management Tools.tbx\Append" Date="20170629" Time="110213" Name="" export="">Append C:\Users\AGRC-A~1\AppData\Local\Temp\4\scratch.gdb\OilGasWells_DownHoles "c:\Program Files\ArcGIS\Pro\bin\Python\envs\arcgispro-py3\lib\site-packages\forklift\..\forklift-garage\SGID10_Energy.sde\SGID10.ENERGY.OilGasWells_DownHoles" "Input schema must match target schema" # #</Process><Process ToolSource="c:\program files\arcgis\pro\Resources\ArcToolbox\Toolboxes\Data Management Tools.tbx\DeleteRows" Date="20170630" Time="025746">DeleteRows "c:\Program Files\ArcGIS\Pro\bin\Python\envs\arcgispro-py3\lib\site-packages\forklift\..\forklift-garage\SGID10_Energy.sde\SGID10.ENERGY.OilGasWells_DownHoles"</Process><Process ToolSource="c:\program files\arcgis\pro\Resources\ArcToolbox\Toolboxes\Data Management Tools.tbx\Append" Date="20170630" Time="025820">Append C:\Users\AGRC-A~1\AppData\Local\Temp\scratch.gdb\OilGasWells_DownHoles "c:\Program Files\ArcGIS\Pro\bin\Python\envs\arcgispro-py3\lib\site-packages\forklift\..\forklift-garage\SGID10_Energy.sde\SGID10.ENERGY.OilGasWells_DownHoles" "Input schema must match target schema" # #</Process><Process ToolSource="c:\program files\arcgis\pro\Resources\ArcToolbox\Toolboxes\Data Management Tools.tbx\DeleteRows" Date="20170703" Time="030040">DeleteRows "c:\Program Files\ArcGIS\Pro\bin\Python\envs\arcgispro-py3\lib\site-packages\forklift\..\forklift-garage\SGID10_Energy.sde\SGID10.ENERGY.OilGasWells_DownHoles"</Process><Process ToolSource="c:\program files\arcgis\pro\Resources\ArcToolbox\Toolboxes\Data Management Tools.tbx\Append" Date="20170703" Time="030116">Append C:\Users\AGRC-A~1\AppData\Local\Temp\scratch.gdb\OilGasWells_DownHoles "c:\Program Files\ArcGIS\Pro\bin\Python\envs\arcgispro-py3\lib\site-packages\forklift\..\forklift-garage\SGID10_Energy.sde\SGID10.ENERGY.OilGasWells_DownHoles" "Input schema must match target schema" # #</Process><Process ToolSource="c:\program files\arcgis\pro\Resources\ArcToolbox\Toolboxes\Data Management Tools.tbx\DeleteRows" Date="20170704" Time="025631">DeleteRows "c:\Program Files\ArcGIS\Pro\bin\Python\envs\arcgispro-py3\lib\site-packages\forklift\..\forklift-garage\SGID10_Energy.sde\SGID10.ENERGY.OilGasWells_DownHoles"</Process><Process ToolSource="c:\program files\arcgis\pro\Resources\ArcToolbox\Toolboxes\Data Management Tools.tbx\Append" Date="20170704" Time="025706">Append C:\Users\AGRC-A~1\AppData\Local\Temp\scratch.gdb\OilGasWells_DownHoles "c:\Program Files\ArcGIS\Pro\bin\Python\envs\arcgispro-py3\lib\site-packages\forklift\..\forklift-garage\SGID10_Energy.sde\SGID10.ENERGY.OilGasWells_DownHoles" "Input schema must match target schema" # #</Process><Process ToolSource="c:\program files\arcgis\pro\Resources\ArcToolbox\Toolboxes\Data Management Tools.tbx\DeleteRows" Date="20170705" Time="031218">DeleteRows "c:\Program Files\ArcGIS\Pro\bin\Python\envs\arcgispro-py3\lib\site-packages\forklift\..\forklift-garage\SGID10_Energy.sde\SGID10.ENERGY.OilGasWells_DownHoles"</Process><Process ToolSource="c:\program files\arcgis\pro\Resources\ArcToolbox\Toolboxes\Data Management Tools.tbx\Append" Date="20170705" Time="031254">Append C:\Users\AGRC-A~1\AppData\Local\Temp\scratch.gdb\OilGasWells_DownHoles "c:\Program Files\ArcGIS\Pro\bin\Python\envs\arcgispro-py3\lib\site-packages\forklift\..\forklift-garage\SGID10_Energy.sde\SGID10.ENERGY.OilGasWells_DownHoles" "Input schema must match target schema" # #</Process><Process ToolSource="c:\program files\arcgis\pro\Resources\ArcToolbox\Toolboxes\Data Management Tools.tbx\DeleteRows" Date="20170706" Time="025514">DeleteRows "c:\Program Files\ArcGIS\Pro\bin\Python\envs\arcgispro-py3\lib\site-packages\forklift\..\forklift-garage\SGID10_Energy.sde\SGID10.ENERGY.OilGasWells_DownHoles"</Process><Process ToolSource="c:\program files\arcgis\pro\Resources\ArcToolbox\Toolboxes\Data Management Tools.tbx\Append" Date="20170706" Time="025555">Append C:\Users\AGRC-A~1\AppData\Local\Temp\scratch.gdb\OilGasWells_DownHoles "c:\Program Files\ArcGIS\Pro\bin\Python\envs\arcgispro-py3\lib\site-packages\forklift\..\forklift-garage\SGID10_Energy.sde\SGID10.ENERGY.OilGasWells_DownHoles" "Input schema must match target schema" # #</Process><Process ToolSource="c:\program files\arcgis\pro\Resources\ArcToolbox\Toolboxes\Data Management Tools.tbx\DeleteRows" Date="20170711" Time="025454">DeleteRows "c:\Program Files\ArcGIS\Pro\bin\Python\envs\arcgispro-py3\lib\site-packages\forklift\..\forklift-garage\SGID10_Energy.sde\SGID10.ENERGY.OilGasWells_DownHoles"</Process><Process ToolSource="c:\program files\arcgis\pro\Resources\ArcToolbox\Toolboxes\Data Management Tools.tbx\Append" Date="20170711" Time="025529">Append C:\Users\AGRC-A~1\AppData\Local\Temp\scratch.gdb\OilGasWells_DownHoles "c:\Program Files\ArcGIS\Pro\bin\Python\envs\arcgispro-py3\lib\site-packages\forklift\..\forklift-garage\SGID10_Energy.sde\SGID10.ENERGY.OilGasWells_DownHoles" "Input schema must match target schema" # #</Process><Process ToolSource="c:\program files\arcgis\pro\Resources\ArcToolbox\Toolboxes\Data Management Tools.tbx\DeleteRows" Date="20170712" Time="025341">DeleteRows "c:\Program Files\ArcGIS\Pro\bin\Python\envs\arcgispro-py3\lib\site-packages\forklift\..\forklift-garage\SGID10_Energy.sde\SGID10.ENERGY.OilGasWells_DownHoles"</Process><Process ToolSource="c:\program files\arcgis\pro\Resources\ArcToolbox\Toolboxes\Data Management Tools.tbx\Append" Date="20170712" Time="025416">Append C:\Users\AGRC-A~1\AppData\Local\Temp\scratch.gdb\OilGasWells_DownHoles "c:\Program Files\ArcGIS\Pro\bin\Python\envs\arcgispro-py3\lib\site-packages\forklift\..\forklift-garage\SGID10_Energy.sde\SGID10.ENERGY.OilGasWells_DownHoles" "Input schema must match target schema" # #</Process><Process ToolSource="c:\program files\arcgis\pro\Resources\ArcToolbox\Toolboxes\Data Management Tools.tbx\DeleteRows" Date="20170713" Time="025547">DeleteRows "c:\Program Files\ArcGIS\Pro\bin\Python\envs\arcgispro-py3\lib\site-packages\forklift\..\forklift-garage\SGID10_Energy.sde\SGID10.ENERGY.OilGasWells_DownHoles"</Process><Process ToolSource="c:\program files\arcgis\pro\Resources\ArcToolbox\Toolboxes\Data Management Tools.tbx\Append" Date="20170713" Time="025632">Append C:\Users\AGRC-A~1\AppData\Local\Temp\scratch.gdb\OilGasWells_DownHoles "c:\Program Files\ArcGIS\Pro\bin\Python\envs\arcgispro-py3\lib\site-packages\forklift\..\forklift-garage\SGID10_Energy.sde\SGID10.ENERGY.OilGasWells_DownHoles" "Input schema must match target schema" # #</Process><Process ToolSource="c:\program files\arcgis\pro\Resources\ArcToolbox\Toolboxes\Data Management Tools.tbx\DeleteRows" Date="20170714" Time="025139">DeleteRows "c:\Program Files\ArcGIS\Pro\bin\Python\envs\arcgispro-py3\lib\site-packages\forklift\..\forklift-garage\SGID10_Energy.sde\SGID10.ENERGY.OilGasWells_DownHoles"</Process><Process ToolSource="c:\program files\arcgis\pro\Resources\ArcToolbox\Toolboxes\Data Management Tools.tbx\Append" Date="20170714" Time="025215">Append C:\Users\AGRC-A~1\AppData\Local\Temp\scratch.gdb\OilGasWells_DownHoles "c:\Program Files\ArcGIS\Pro\bin\Python\envs\arcgispro-py3\lib\site-packages\forklift\..\forklift-garage\SGID10_Energy.sde\SGID10.ENERGY.OilGasWells_DownHoles" "Input schema must match target schema" # #</Process><Process ToolSource="c:\program files\arcgis\pro\Resources\ArcToolbox\Toolboxes\Data Management Tools.tbx\DeleteRows" Date="20170717" Time="024447">DeleteRows "c:\Program Files\ArcGIS\Pro\bin\Python\envs\arcgispro-py3\lib\site-packages\forklift\..\forklift-garage\SGID10_Energy.sde\SGID10.ENERGY.OilGasWells_DownHoles"</Process><Process ToolSource="c:\program files\arcgis\pro\Resources\ArcToolbox\Toolboxes\Data Management Tools.tbx\Append" Date="20170717" Time="024521">Append C:\Users\AGRC-A~1\AppData\Local\Temp\scratch.gdb\OilGasWells_DownHoles "c:\Program Files\ArcGIS\Pro\bin\Python\envs\arcgispro-py3\lib\site-packages\forklift\..\forklift-garage\SGID10_Energy.sde\SGID10.ENERGY.OilGasWells_DownHoles" "Input schema must match target schema" # #</Process><Process ToolSource="c:\program files\arcgis\pro\Resources\ArcToolbox\Toolboxes\Data Management Tools.tbx\DeleteRows" Date="20170718" Time="030028">DeleteRows "c:\Program Files\ArcGIS\Pro\bin\Python\envs\arcgispro-py3\lib\site-packages\forklift\..\forklift-garage\SGID10_Energy.sde\SGID10.ENERGY.OilGasWells_DownHoles"</Process><Process ToolSource="c:\program files\arcgis\pro\Resources\ArcToolbox\Toolboxes\Data Management Tools.tbx\Append" Date="20170718" Time="030104">Append C:\Users\AGRC-A~1\AppData\Local\Temp\scratch.gdb\OilGasWells_DownHoles "c:\Program Files\ArcGIS\Pro\bin\Python\envs\arcgispro-py3\lib\site-packages\forklift\..\forklift-garage\SGID10_Energy.sde\SGID10.ENERGY.OilGasWells_DownHoles" "Input schema must match target schema" # #</Process><Process ToolSource="c:\program files\arcgis\pro\Resources\ArcToolbox\Toolboxes\Data Management Tools.tbx\DeleteRows" Date="20170719" Time="025754">DeleteRows "c:\Program Files\ArcGIS\Pro\bin\Python\envs\arcgispro-py3\lib\site-packages\forklift\..\forklift-garage\SGID10_Energy.sde\SGID10.ENERGY.OilGasWells_DownHoles"</Process><Process ToolSource="c:\program files\arcgis\pro\Resources\ArcToolbox\Toolboxes\Data Management Tools.tbx\Append" Date="20170719" Time="025830">Append C:\Users\AGRC-A~1\AppData\Local\Temp\scratch.gdb\OilGasWells_DownHoles "c:\Program Files\ArcGIS\Pro\bin\Python\envs\arcgispro-py3\lib\site-packages\forklift\..\forklift-garage\SGID10_Energy.sde\SGID10.ENERGY.OilGasWells_DownHoles" "Input schema must match target schema" # #</Process><Process ToolSource="c:\program files\arcgis\pro\Resources\ArcToolbox\Toolboxes\Data Management Tools.tbx\DeleteRows" Date="20170720" Time="024745">DeleteRows "c:\Program Files\ArcGIS\Pro\bin\Python\envs\arcgispro-py3\lib\site-packages\forklift\..\forklift-garage\SGID10_Energy.sde\SGID10.ENERGY.OilGasWells_DownHoles"</Process><Process ToolSource="c:\program files\arcgis\pro\Resources\ArcToolbox\Toolboxes\Data Management Tools.tbx\Append" Date="20170720" Time="024824">Append C:\Users\AGRC-A~1\AppData\Local\Temp\scratch.gdb\OilGasWells_DownHoles "c:\Program Files\ArcGIS\Pro\bin\Python\envs\arcgispro-py3\lib\site-packages\forklift\..\forklift-garage\SGID10_Energy.sde\SGID10.ENERGY.OilGasWells_DownHoles" "Input schema must match target schema" # #</Process><Process ToolSource="c:\program files\arcgis\pro\Resources\ArcToolbox\Toolboxes\Data Management Tools.tbx\DeleteRows" Date="20170721" Time="025612">DeleteRows "c:\Program Files\ArcGIS\Pro\bin\Python\envs\arcgispro-py3\lib\site-packages\forklift\..\forklift-garage\SGID10_Energy.sde\SGID10.ENERGY.OilGasWells_DownHoles"</Process><Process ToolSource="c:\program files\arcgis\pro\Resources\ArcToolbox\Toolboxes\Data Management Tools.tbx\Append" Date="20170721" Time="025643">Append C:\Users\AGRC-A~1\AppData\Local\Temp\scratch.gdb\OilGasWells_DownHoles "c:\Program Files\ArcGIS\Pro\bin\Python\envs\arcgispro-py3\lib\site-packages\forklift\..\forklift-garage\SGID10_Energy.sde\SGID10.ENERGY.OilGasWells_DownHoles" "Input schema must match target schema" # #</Process><Process ToolSource="c:\program files\arcgis\pro\Resources\ArcToolbox\Toolboxes\Data Management Tools.tbx\DeleteRows" Date="20170724" Time="022835">DeleteRows "c:\Program Files\ArcGIS\Pro\bin\Python\envs\arcgispro-py3\lib\site-packages\forklift\..\forklift-garage\SGID10_Energy.sde\SGID10.ENERGY.OilGasWells_DownHoles"</Process><Process ToolSource="c:\program files\arcgis\pro\Resources\ArcToolbox\Toolboxes\Data Management Tools.tbx\Append" Date="20170724" Time="022908">Append C:\Users\AGRC-A~1\AppData\Local\Temp\scratch.gdb\OilGasWells_DownHoles "c:\Program Files\ArcGIS\Pro\bin\Python\envs\arcgispro-py3\lib\site-packages\forklift\..\forklift-garage\SGID10_Energy.sde\SGID10.ENERGY.OilGasWells_DownHoles" "Input schema must match target schema" # #</Process><Process ToolSource="c:\program files\arcgis\pro\Resources\ArcToolbox\Toolboxes\Data Management Tools.tbx\DeleteRows" Date="20170725" Time="023541">DeleteRows "c:\Program Files\ArcGIS\Pro\bin\Python\envs\arcgispro-py3\lib\site-packages\forklift\..\forklift-garage\SGID10_Energy.sde\SGID10.ENERGY.OilGasWells_DownHoles"</Process><Process ToolSource="c:\program files\arcgis\pro\Resources\ArcToolbox\Toolboxes\Data Management Tools.tbx\Append" Date="20170725" Time="023614">Append C:\Users\AGRC-A~1\AppData\Local\Temp\scratch.gdb\OilGasWells_DownHoles "c:\Program Files\ArcGIS\Pro\bin\Python\envs\arcgispro-py3\lib\site-packages\forklift\..\forklift-garage\SGID10_Energy.sde\SGID10.ENERGY.OilGasWells_DownHoles" "Input schema must match target schema" # #</Process><Process ToolSource="c:\program files\arcgis\pro\Resources\ArcToolbox\toolboxes\Data Management Tools.tbx\DeleteRows" Date="20170726" Time="030934">DeleteRows "c:\Program Files\ArcGIS\Pro\bin\Python\envs\arcgispro-py3\lib\site-packages\forklift\..\forklift-garage\SGID10_Energy.sde\SGID10.ENERGY.OilGasWells_DownHoles"</Process><Process ToolSource="c:\program files\arcgis\pro\Resources\ArcToolbox\toolboxes\Data Management Tools.tbx\Append" Date="20170726" Time="031007">Append C:\Users\AGRC-A~1\AppData\Local\Temp\scratch.gdb\OilGasWells_DownHoles "c:\Program Files\ArcGIS\Pro\bin\Python\envs\arcgispro-py3\lib\site-packages\forklift\..\forklift-garage\SGID10_Energy.sde\SGID10.ENERGY.OilGasWells_DownHoles" "Input schema must match target schema" # #</Process><Process ToolSource="c:\program files\arcgis\pro\Resources\ArcToolbox\toolboxes\Data Management Tools.tbx\DeleteRows" Date="20170727" Time="025239">DeleteRows "c:\Program Files\ArcGIS\Pro\bin\Python\envs\arcgispro-py3\lib\site-packages\forklift\..\forklift-garage\SGID10_Energy.sde\SGID10.ENERGY.OilGasWells_DownHoles"</Process><Process ToolSource="c:\program files\arcgis\pro\Resources\ArcToolbox\toolboxes\Data Management Tools.tbx\Append" Date="20170727" Time="025318">Append C:\Users\AGRC-A~1\AppData\Local\Temp\scratch.gdb\OilGasWells_DownHoles "c:\Program Files\ArcGIS\Pro\bin\Python\envs\arcgispro-py3\lib\site-packages\forklift\..\forklift-garage\SGID10_Energy.sde\SGID10.ENERGY.OilGasWells_DownHoles" "Input schema must match target schema" # #</Process><Process ToolSource="c:\program files\arcgis\pro\Resources\ArcToolbox\toolboxes\Data Management Tools.tbx\DeleteRows" Date="20170731" Time="025111">DeleteRows "C:\Program Files\ArcGIS\Pro\bin\Python\envs\arcgispro-py3\lib\site-packages\forklift\..\forklift-garage\SGID10_Energy.sde\SGID10.ENERGY.OilGasWells_DownHoles"</Process><Process ToolSource="c:\program files\arcgis\pro\Resources\ArcToolbox\toolboxes\Data Management Tools.tbx\Append" Date="20170731" Time="025145">Append C:\Users\AGRC-A~1\AppData\Local\Temp\scratch.gdb\OilGasWells_DownHoles "C:\Program Files\ArcGIS\Pro\bin\Python\envs\arcgispro-py3\lib\site-packages\forklift\..\forklift-garage\SGID10_Energy.sde\SGID10.ENERGY.OilGasWells_DownHoles" "Input schema must match target schema" # #</Process><Process ToolSource="c:\program files\arcgis\pro\Resources\ArcToolbox\toolboxes\Data Management Tools.tbx\DeleteRows" Date="20170801" Time="044934">DeleteRows "C:\Program Files\ArcGIS\Pro\bin\Python\envs\arcgispro-py3\lib\site-packages\forklift\..\forklift-garage\SGID10_Energy.sde\SGID10.ENERGY.OilGasWells_DownHoles"</Process><Process ToolSource="c:\program files\arcgis\pro\Resources\ArcToolbox\toolboxes\Data Management Tools.tbx\Append" Date="20170801" Time="045012">Append C:\Users\AGRC-A~1\AppData\Local\Temp\5\scratch.gdb\OilGasWells_DownHoles "C:\Program Files\ArcGIS\Pro\bin\Python\envs\arcgispro-py3\lib\site-packages\forklift\..\forklift-garage\SGID10_Energy.sde\SGID10.ENERGY.OilGasWells_DownHoles" "Input schema must match target schema" # #</Process><Process ToolSource="c:\program files\arcgis\pro\Resources\ArcToolbox\toolboxes\Data Management Tools.tbx\DeleteRows" Date="20170802" Time="025125">DeleteRows "C:\Program Files\ArcGIS\Pro\bin\Python\envs\arcgispro-py3\lib\site-packages\forklift\..\forklift-garage\SGID10_Energy.sde\SGID10.ENERGY.OilGasWells_DownHoles"</Process><Process ToolSource="c:\program files\arcgis\pro\Resources\ArcToolbox\toolboxes\Data Management Tools.tbx\Append" Date="20170802" Time="025201">Append C:\Users\AGRC-A~1\AppData\Local\Temp\scratch.gdb\OilGasWells_DownHoles "C:\Program Files\ArcGIS\Pro\bin\Python\envs\arcgispro-py3\lib\site-packages\forklift\..\forklift-garage\SGID10_Energy.sde\SGID10.ENERGY.OilGasWells_DownHoles" "Input schema must match target schema" # #</Process><Process ToolSource="c:\program files\arcgis\pro\Resources\ArcToolbox\toolboxes\Data Management Tools.tbx\DeleteRows" Date="20170803" Time="024112">DeleteRows "C:\Program Files\ArcGIS\Pro\bin\Python\envs\arcgispro-py3\lib\site-packages\forklift\..\forklift-garage\SGID10_Energy.sde\SGID10.ENERGY.OilGasWells_DownHoles"</Process><Process ToolSource="c:\program files\arcgis\pro\Resources\ArcToolbox\toolboxes\Data Management Tools.tbx\Append" Date="20170803" Time="024149">Append C:\Users\AGRC-A~1\AppData\Local\Temp\scratch.gdb\OilGasWells_DownHoles "C:\Program Files\ArcGIS\Pro\bin\Python\envs\arcgispro-py3\lib\site-packages\forklift\..\forklift-garage\SGID10_Energy.sde\SGID10.ENERGY.OilGasWells_DownHoles" "Input schema must match target schema" # #</Process><Process ToolSource="c:\program files\arcgis\pro\Resources\ArcToolbox\toolboxes\Data Management Tools.tbx\DeleteRows" Date="20170804" Time="024938">DeleteRows "C:\Program Files\ArcGIS\Pro\bin\Python\envs\arcgispro-py3\lib\site-packages\forklift\..\forklift-garage\SGID10_Energy.sde\SGID10.ENERGY.OilGasWells_DownHoles"</Process><Process ToolSource="c:\program files\arcgis\pro\Resources\ArcToolbox\toolboxes\Data Management Tools.tbx\Append" Date="20170804" Time="025013">Append C:\Users\AGRC-A~1\AppData\Local\Temp\scratch.gdb\OilGasWells_DownHoles "C:\Program Files\ArcGIS\Pro\bin\Python\envs\arcgispro-py3\lib\site-packages\forklift\..\forklift-garage\SGID10_Energy.sde\SGID10.ENERGY.OilGasWells_DownHoles" "Input schema must match target schema" # #</Process><Process ToolSource="c:\program files\arcgis\pro\Resources\ArcToolbox\toolboxes\Data Management Tools.tbx\DeleteRows" Date="20170807" Time="023849">DeleteRows "C:\Program Files\ArcGIS\Pro\bin\Python\envs\arcgispro-py3\lib\site-packages\forklift\..\forklift-garage\SGID10_Energy.sde\SGID10.ENERGY.OilGasWells_DownHoles"</Process><Process ToolSource="c:\program files\arcgis\pro\Resources\ArcToolbox\toolboxes\Data Management Tools.tbx\Append" Date="20170807" Time="023924">Append C:\Users\AGRC-A~1\AppData\Local\Temp\scratch.gdb\OilGasWells_DownHoles "C:\Program Files\ArcGIS\Pro\bin\Python\envs\arcgispro-py3\lib\site-packages\forklift\..\forklift-garage\SGID10_Energy.sde\SGID10.ENERGY.OilGasWells_DownHoles" "Input schema must match target schema" # #</Process><Process ToolSource="c:\program files\arcgis\pro\Resources\ArcToolbox\toolboxes\Data Management Tools.tbx\DeleteRows" Date="20170808" Time="021235">DeleteRows "C:\Program Files\ArcGIS\Pro\bin\Python\envs\arcgispro-py3\lib\site-packages\forklift\..\forklift-garage\SGID10_Energy.sde\SGID10.ENERGY.OilGasWells_DownHoles"</Process><Process ToolSource="c:\program files\arcgis\pro\Resources\ArcToolbox\toolboxes\Data Management Tools.tbx\Append" Date="20170808" Time="021309">Append C:\Users\AGRC-A~1\AppData\Local\Temp\scratch.gdb\OilGasWells_DownHoles "C:\Program Files\ArcGIS\Pro\bin\Python\envs\arcgispro-py3\lib\site-packages\forklift\..\forklift-garage\SGID10_Energy.sde\SGID10.ENERGY.OilGasWells_DownHoles" "Input schema must match target schema" # #</Process><Process ToolSource="c:\program files\arcgis\pro\Resources\ArcToolbox\toolboxes\Data Management Tools.tbx\DeleteRows" Date="20170809" Time="030038">DeleteRows "C:\Program Files\ArcGIS\Pro\bin\Python\envs\arcgispro-py3\lib\site-packages\forklift\..\forklift-garage\SGID10_Energy.sde\SGID10.ENERGY.OilGasWells_DownHoles"</Process><Process ToolSource="c:\program files\arcgis\pro\Resources\ArcToolbox\toolboxes\Data Management Tools.tbx\Append" Date="20170809" Time="030116">Append C:\Users\AGRC-A~1\AppData\Local\Temp\scratch.gdb\OilGasWells_DownHoles "C:\Program Files\ArcGIS\Pro\bin\Python\envs\arcgispro-py3\lib\site-packages\forklift\..\forklift-garage\SGID10_Energy.sde\SGID10.ENERGY.OilGasWells_DownHoles" "Input schema must match target schema" # #</Process><Process ToolSource="c:\program files\arcgis\pro\Resources\ArcToolbox\toolboxes\Data Management Tools.tbx\DeleteRows" Date="20170810" Time="024809">DeleteRows "C:\Program Files\ArcGIS\Pro\bin\Python\envs\arcgispro-py3\lib\site-packages\forklift\..\forklift-garage\SGID10_Energy.sde\SGID10.ENERGY.OilGasWells_DownHoles"</Process><Process ToolSource="c:\program files\arcgis\pro\Resources\ArcToolbox\toolboxes\Data Management Tools.tbx\Append" Date="20170810" Time="024852">Append C:\Users\AGRC-A~1\AppData\Local\Temp\scratch.gdb\OilGasWells_DownHoles "C:\Program Files\ArcGIS\Pro\bin\Python\envs\arcgispro-py3\lib\site-packages\forklift\..\forklift-garage\SGID10_Energy.sde\SGID10.ENERGY.OilGasWells_DownHoles" "Input schema must match target schema" # #</Process><Process ToolSource="c:\program files\arcgis\pro\Resources\ArcToolbox\toolboxes\Data Management Tools.tbx\DeleteRows" Date="20170811" Time="030036">DeleteRows "C:\Program Files\ArcGIS\Pro\bin\Python\envs\arcgispro-py3\lib\site-packages\forklift\..\forklift-garage\SGID10_Energy.sde\SGID10.ENERGY.OilGasWells_DownHoles"</Process><Process ToolSource="c:\program files\arcgis\pro\Resources\ArcToolbox\toolboxes\Data Management Tools.tbx\Append" Date="20170811" Time="030116">Append C:\Users\AGRC-A~1\AppData\Local\Temp\scratch.gdb\OilGasWells_DownHoles "C:\Program Files\ArcGIS\Pro\bin\Python\envs\arcgispro-py3\lib\site-packages\forklift\..\forklift-garage\SGID10_Energy.sde\SGID10.ENERGY.OilGasWells_DownHoles" "Input schema must match target schema" # #</Process><Process ToolSource="c:\program files\arcgis\pro\Resources\ArcToolbox\toolboxes\Data Management Tools.tbx\DeleteRows" Date="20170814" Time="024211">DeleteRows "C:\Program Files\ArcGIS\Pro\bin\Python\envs\arcgispro-py3\lib\site-packages\forklift\..\forklift-garage\SGID10_Energy.sde\SGID10.ENERGY.OilGasWells_DownHoles"</Process><Process ToolSource="c:\program files\arcgis\pro\Resources\ArcToolbox\toolboxes\Data Management Tools.tbx\Append" Date="20170814" Time="024249">Append C:\Users\AGRC-A~1\AppData\Local\Temp\scratch.gdb\OilGasWells_DownHoles "C:\Program Files\ArcGIS\Pro\bin\Python\envs\arcgispro-py3\lib\site-packages\forklift\..\forklift-garage\SGID10_Energy.sde\SGID10.ENERGY.OilGasWells_DownHoles" "Input schema must match target schema" # #</Process><Process ToolSource="c:\program files\arcgis\pro\Resources\ArcToolbox\toolboxes\Data Management Tools.tbx\DeleteRows" Date="20170815" Time="025701">DeleteRows "C:\Program Files\ArcGIS\Pro\bin\Python\envs\arcgispro-py3\lib\site-packages\forklift\..\forklift-garage\SGID10_Energy.sde\SGID10.ENERGY.OilGasWells_DownHoles"</Process><Process ToolSource="c:\program files\arcgis\pro\Resources\ArcToolbox\toolboxes\Data Management Tools.tbx\Append" Date="20170815" Time="025736">Append C:\Users\AGRC-A~1\AppData\Local\Temp\scratch.gdb\OilGasWells_DownHoles "C:\Program Files\ArcGIS\Pro\bin\Python\envs\arcgispro-py3\lib\site-packages\forklift\..\forklift-garage\SGID10_Energy.sde\SGID10.ENERGY.OilGasWells_DownHoles" "Input schema must match target schema" # #</Process><Process ToolSource="c:\program files\arcgis\pro\Resources\ArcToolbox\toolboxes\Data Management Tools.tbx\DeleteRows" Date="20170816" Time="031509">DeleteRows "C:\Program Files\ArcGIS\Pro\bin\Python\envs\arcgispro-py3\lib\site-packages\forklift\..\forklift-garage\SGID10_Energy.sde\SGID10.ENERGY.OilGasWells_DownHoles"</Process><Process ToolSource="c:\program files\arcgis\pro\Resources\ArcToolbox\toolboxes\Data Management Tools.tbx\Append" Date="20170816" Time="031550">Append C:\Users\AGRC-A~1\AppData\Local\Temp\scratch.gdb\OilGasWells_DownHoles "C:\Program Files\ArcGIS\Pro\bin\Python\envs\arcgispro-py3\lib\site-packages\forklift\..\forklift-garage\SGID10_Energy.sde\SGID10.ENERGY.OilGasWells_DownHoles" "Input schema must match target schema" # #</Process><Process ToolSource="c:\program files\arcgis\pro\Resources\ArcToolbox\toolboxes\Data Management Tools.tbx\DeleteRows" Date="20170818" Time="030804">DeleteRows "C:\Program Files\ArcGIS\Pro\bin\Python\envs\arcgispro-py3\lib\site-packages\forklift\..\forklift-garage\SGID10_Energy.sde\SGID10.ENERGY.OilGasWells_DownHoles"</Process><Process ToolSource="c:\program files\arcgis\pro\Resources\ArcToolbox\toolboxes\Data Management Tools.tbx\Append" Date="20170818" Time="030843">Append C:\Users\AGRC-A~1\AppData\Local\Temp\scratch.gdb\OilGasWells_DownHoles "C:\Program Files\ArcGIS\Pro\bin\Python\envs\arcgispro-py3\lib\site-packages\forklift\..\forklift-garage\SGID10_Energy.sde\SGID10.ENERGY.OilGasWells_DownHoles" "Input schema must match target schema" # #</Process><Process ToolSource="c:\program files\arcgis\pro\Resources\ArcToolbox\toolboxes\Data Management Tools.tbx\DeleteRows" Date="20170821" Time="024714">DeleteRows "C:\Program Files\ArcGIS\Pro\bin\Python\envs\arcgispro-py3\lib\site-packages\forklift\..\forklift-garage\SGID10_Energy.sde\SGID10.ENERGY.OilGasWells_DownHoles"</Process><Process ToolSource="c:\program files\arcgis\pro\Resources\ArcToolbox\toolboxes\Data Management Tools.tbx\Append" Date="20170821" Time="024749">Append C:\Users\AGRC-A~1\AppData\Local\Temp\scratch.gdb\OilGasWells_DownHoles "C:\Program Files\ArcGIS\Pro\bin\Python\envs\arcgispro-py3\lib\site-packages\forklift\..\forklift-garage\SGID10_Energy.sde\SGID10.ENERGY.OilGasWells_DownHoles" "Input schema must match target schema" # #</Process><Process ToolSource="c:\program files\arcgis\pro\Resources\ArcToolbox\toolboxes\Data Management Tools.tbx\DeleteRows" Date="20170822" Time="024921">DeleteRows "C:\Program Files\ArcGIS\Pro\bin\Python\envs\arcgispro-py3\lib\site-packages\forklift\..\forklift-garage\SGID10_Energy.sde\SGID10.ENERGY.OilGasWells_DownHoles"</Process><Process ToolSource="c:\program files\arcgis\pro\Resources\ArcToolbox\toolboxes\Data Management Tools.tbx\Append" Date="20170822" Time="024950">Append C:\Users\AGRC-A~1\AppData\Local\Temp\scratch.gdb\OilGasWells_DownHoles "C:\Program Files\ArcGIS\Pro\bin\Python\envs\arcgispro-py3\lib\site-packages\forklift\..\forklift-garage\SGID10_Energy.sde\SGID10.ENERGY.OilGasWells_DownHoles" "Input schema must match target schema" # #</Process><Process ToolSource="c:\program files\arcgis\pro\Resources\ArcToolbox\toolboxes\Data Management Tools.tbx\DeleteRows" Date="20170823" Time="030712">DeleteRows "C:\Program Files\ArcGIS\Pro\bin\Python\envs\arcgispro-py3\lib\site-packages\forklift\..\forklift-garage\SGID10_Energy.sde\SGID10.ENERGY.OilGasWells_DownHoles"</Process><Process ToolSource="c:\program files\arcgis\pro\Resources\ArcToolbox\toolboxes\Data Management Tools.tbx\Append" Date="20170823" Time="030749">Append C:\Users\AGRC-A~1\AppData\Local\Temp\scratch.gdb\OilGasWells_DownHoles "C:\Program Files\ArcGIS\Pro\bin\Python\envs\arcgispro-py3\lib\site-packages\forklift\..\forklift-garage\SGID10_Energy.sde\SGID10.ENERGY.OilGasWells_DownHoles" "Input schema must match target schema" # #</Process><Process ToolSource="c:\program files\arcgis\pro\Resources\ArcToolbox\toolboxes\Data Management Tools.tbx\DeleteRows" Date="20170824" Time="025714">DeleteRows "C:\Program Files\ArcGIS\Pro\bin\Python\envs\arcgispro-py3\lib\site-packages\forklift\..\forklift-garage\SGID10_Energy.sde\SGID10.ENERGY.OilGasWells_DownHoles"</Process><Process ToolSource="c:\program files\arcgis\pro\Resources\ArcToolbox\toolboxes\Data Management Tools.tbx\Append" Date="20170824" Time="025757">Append C:\Users\AGRC-A~1\AppData\Local\Temp\scratch.gdb\OilGasWells_DownHoles "C:\Program Files\ArcGIS\Pro\bin\Python\envs\arcgispro-py3\lib\site-packages\forklift\..\forklift-garage\SGID10_Energy.sde\SGID10.ENERGY.OilGasWells_DownHoles" "Input schema must match target schema" # #</Process><Process ToolSource="c:\program files\arcgis\pro\Resources\ArcToolbox\toolboxes\Data Management Tools.tbx\DeleteRows" Date="20170825" Time="031128">DeleteRows "C:\Program Files\ArcGIS\Pro\bin\Python\envs\arcgispro-py3\lib\site-packages\forklift\..\forklift-garage\SGID10_Energy.sde\SGID10.ENERGY.OilGasWells_DownHoles"</Process><Process ToolSource="c:\program files\arcgis\pro\Resources\ArcToolbox\toolboxes\Data Management Tools.tbx\Append" Date="20170825" Time="031205">Append C:\Users\AGRC-A~1\AppData\Local\Temp\scratch.gdb\OilGasWells_DownHoles "C:\Program Files\ArcGIS\Pro\bin\Python\envs\arcgispro-py3\lib\site-packages\forklift\..\forklift-garage\SGID10_Energy.sde\SGID10.ENERGY.OilGasWells_DownHoles" "Input schema must match target schema" # #</Process><Process ToolSource="c:\program files\arcgis\pro\Resources\ArcToolbox\toolboxes\Data Management Tools.tbx\DeleteRows" Date="20170828" Time="024649">DeleteRows "C:\Program Files\ArcGIS\Pro\bin\Python\envs\arcgispro-py3\lib\site-packages\forklift\..\forklift-garage\SGID10_Energy.sde\SGID10.ENERGY.OilGasWells_DownHoles"</Process><Process ToolSource="c:\program files\arcgis\pro\Resources\ArcToolbox\toolboxes\Data Management Tools.tbx\Append" Date="20170828" Time="024729">Append C:\Users\AGRC-A~1\AppData\Local\Temp\scratch.gdb\OilGasWells_DownHoles "C:\Program Files\ArcGIS\Pro\bin\Python\envs\arcgispro-py3\lib\site-packages\forklift\..\forklift-garage\SGID10_Energy.sde\SGID10.ENERGY.OilGasWells_DownHoles" "Input schema must match target schema" # #</Process><Process ToolSource="c:\program files\arcgis\pro\Resources\ArcToolbox\toolboxes\Data Management Tools.tbx\DeleteRows" Date="20170829" Time="025534">DeleteRows "C:\Program Files\ArcGIS\Pro\bin\Python\envs\arcgispro-py3\lib\site-packages\forklift\..\forklift-garage\SGID10_Energy.sde\SGID10.ENERGY.OilGasWells_DownHoles"</Process><Process ToolSource="c:\program files\arcgis\pro\Resources\ArcToolbox\toolboxes\Data Management Tools.tbx\Append" Date="20170829" Time="025609">Append C:\Users\AGRC-A~1\AppData\Local\Temp\scratch.gdb\OilGasWells_DownHoles "C:\Program Files\ArcGIS\Pro\bin\Python\envs\arcgispro-py3\lib\site-packages\forklift\..\forklift-garage\SGID10_Energy.sde\SGID10.ENERGY.OilGasWells_DownHoles" "Input schema must match target schema" # #</Process><Process ToolSource="c:\program files\arcgis\pro\Resources\ArcToolbox\toolboxes\Data Management Tools.tbx\DeleteRows" Date="20170830" Time="030147">DeleteRows "C:\Program Files\ArcGIS\Pro\bin\Python\envs\arcgispro-py3\lib\site-packages\forklift\..\forklift-garage\SGID10_Energy.sde\SGID10.ENERGY.OilGasWells_DownHoles"</Process><Process ToolSource="c:\program files\arcgis\pro\Resources\ArcToolbox\toolboxes\Data Management Tools.tbx\Append" Date="20170830" Time="030227">Append C:\Users\AGRC-A~1\AppData\Local\Temp\scratch.gdb\OilGasWells_DownHoles "C:\Program Files\ArcGIS\Pro\bin\Python\envs\arcgispro-py3\lib\site-packages\forklift\..\forklift-garage\SGID10_Energy.sde\SGID10.ENERGY.OilGasWells_DownHoles" "Input schema must match target schema" # #</Process><Process ToolSource="c:\program files\arcgis\pro\Resources\ArcToolbox\toolboxes\Data Management Tools.tbx\DeleteRows" Date="20170831" Time="025355">DeleteRows "C:\Program Files\ArcGIS\Pro\bin\Python\envs\arcgispro-py3\lib\site-packages\forklift\..\forklift-garage\SGID10_Energy.sde\SGID10.ENERGY.OilGasWells_DownHoles"</Process><Process ToolSource="c:\program files\arcgis\pro\Resources\ArcToolbox\toolboxes\Data Management Tools.tbx\Append" Date="20170831" Time="025448">Append C:\Users\AGRC-A~1\AppData\Local\Temp\scratch.gdb\OilGasWells_DownHoles "C:\Program Files\ArcGIS\Pro\bin\Python\envs\arcgispro-py3\lib\site-packages\forklift\..\forklift-garage\SGID10_Energy.sde\SGID10.ENERGY.OilGasWells_DownHoles" "Input schema must match target schema" # #</Process><Process ToolSource="c:\program files\arcgis\pro\Resources\ArcToolbox\toolboxes\Data Management Tools.tbx\DeleteRows" Date="20170901" Time="025527">DeleteRows "C:\Program Files\ArcGIS\Pro\bin\Python\envs\arcgispro-py3\lib\site-packages\forklift\..\forklift-garage\SGID10_Energy.sde\SGID10.ENERGY.OilGasWells_DownHoles"</Process><Process ToolSource="c:\program files\arcgis\pro\Resources\ArcToolbox\toolboxes\Data Management Tools.tbx\Append" Date="20170901" Time="025607">Append C:\Users\AGRC-A~1\AppData\Local\Temp\scratch.gdb\OilGasWells_DownHoles "C:\Program Files\ArcGIS\Pro\bin\Python\envs\arcgispro-py3\lib\site-packages\forklift\..\forklift-garage\SGID10_Energy.sde\SGID10.ENERGY.OilGasWells_DownHoles" "Input schema must match target schema" # #</Process><Process ToolSource="c:\program files\arcgis\pro\Resources\ArcToolbox\toolboxes\Data Management Tools.tbx\DeleteRows" Date="20170904" Time="024931">DeleteRows "C:\Program Files\ArcGIS\Pro\bin\Python\envs\arcgispro-py3\lib\site-packages\forklift\..\forklift-garage\SGID10_Energy.sde\SGID10.ENERGY.OilGasWells_DownHoles"</Process><Process ToolSource="c:\program files\arcgis\pro\Resources\ArcToolbox\toolboxes\Data Management Tools.tbx\Append" Date="20170904" Time="025009">Append C:\Users\AGRC-A~1\AppData\Local\Temp\scratch.gdb\OilGasWells_DownHoles "C:\Program Files\ArcGIS\Pro\bin\Python\envs\arcgispro-py3\lib\site-packages\forklift\..\forklift-garage\SGID10_Energy.sde\SGID10.ENERGY.OilGasWells_DownHoles" "Input schema must match target schema" # #</Process><Process ToolSource="c:\program files\arcgis\pro\Resources\ArcToolbox\toolboxes\Data Management Tools.tbx\DeleteRows" Date="20170905" Time="025321">DeleteRows "C:\Program Files\ArcGIS\Pro\bin\Python\envs\arcgispro-py3\lib\site-packages\forklift\..\forklift-garage\SGID10_Energy.sde\SGID10.ENERGY.OilGasWells_DownHoles"</Process><Process ToolSource="c:\program files\arcgis\pro\Resources\ArcToolbox\toolboxes\Data Management Tools.tbx\Append" Date="20170905" Time="025359">Append C:\Users\AGRC-A~1\AppData\Local\Temp\scratch.gdb\OilGasWells_DownHoles "C:\Program Files\ArcGIS\Pro\bin\Python\envs\arcgispro-py3\lib\site-packages\forklift\..\forklift-garage\SGID10_Energy.sde\SGID10.ENERGY.OilGasWells_DownHoles" "Input schema must match target schema" # #</Process><Process ToolSource="c:\program files\arcgis\pro\Resources\ArcToolbox\toolboxes\Data Management Tools.tbx\DeleteRows" Date="20170906" Time="025356">DeleteRows "C:\Program Files\ArcGIS\Pro\bin\Python\envs\arcgispro-py3\lib\site-packages\forklift\..\forklift-garage\SGID10_Energy.sde\SGID10.ENERGY.OilGasWells_DownHoles"</Process><Process ToolSource="c:\program files\arcgis\pro\Resources\ArcToolbox\toolboxes\Data Management Tools.tbx\Append" Date="20170906" Time="025433">Append C:\Users\AGRC-A~1\AppData\Local\Temp\scratch.gdb\OilGasWells_DownHoles "C:\Program Files\ArcGIS\Pro\bin\Python\envs\arcgispro-py3\lib\site-packages\forklift\..\forklift-garage\SGID10_Energy.sde\SGID10.ENERGY.OilGasWells_DownHoles" "Input schema must match target schema" # #</Process><Process ToolSource="c:\program files (x86)\arcgis\desktop10.3\ArcToolbox\Toolboxes\Data Management Tools.tbx\CopyFeatures" Date="20170906" Time="114508">CopyFeatures "Database Connections\Connection to sgid.agrc.utah.gov.sde\SGID10.ENERGY.OilGasWells_DownHoles" C:\GisWork\temp\DOGMOilAndGasResources\OilGasWells_DownHoles\OilGasWells_DownHoles.shp # 0 0 0</Process></lineage><itemProps><itemName Sync="TRUE">OilGasWells_DownHoles</itemName><imsContentType Sync="TRUE">002</imsContentType><nativeExtBox><westBL Sync="TRUE">238239.000100</westBL><eastBL Sync="TRUE">673446.000100</eastBL><southBL Sync="TRUE">4096230.000100</southBL><northBL Sync="TRUE">4650409.000100</northBL><exTypeCode Sync="TRUE">1</exTypeCode></nativeExtBox><itemLocation><linkage Sync="TRUE">file://\\SEDTS-V0E8-1BK4\C$\GisWork\temp\DOGMOilAndGasResources\OilGasWells_DownHoles\OilGasWells_DownHoles.shp</linkage><protocol Sync="TRUE">Local Area Network</protocol></itemLocation><itemSize Sync="TRUE">0.000</itemSize></itemProps><coordRef><type Sync="TRUE">Projected</type><geogcsn Sync="TRUE">GCS_North_American_1983</geogcsn><csUnits Sync="TRUE">Linear Unit: Meter (1.000000)</csUnits><projcsn Sync="TRUE">NAD_1983_UTM_Zone_12N</projcsn><peXml Sync="TRUE">&lt;ProjectedCoordinateSystem xsi:type='typens:ProjectedCoordinateSystem' xmlns:xsi='http://www.w3.org/2001/XMLSchema-instance' xmlns:xs='http://www.w3.org/2001/XMLSchema' xmlns:typens='http://www.esri.com/schemas/ArcGIS/10.3'&gt;&lt;WKT&gt;PROJCS[&amp;quot;NAD_1983_UTM_Zone_12N&amp;quot;,GEOGCS[&amp;quot;GCS_North_American_1983&amp;quot;,DATUM[&amp;quot;D_North_American_1983&amp;quot;,SPHEROID[&amp;quot;GRS_1980&amp;quot;,6378137.0,298.257222101]],PRIMEM[&amp;quot;Greenwich&amp;quot;,0.0],UNIT[&amp;quot;Degree&amp;quot;,0.0174532925199433]],PROJECTION[&amp;quot;Transverse_Mercator&amp;quot;],PARAMETER[&amp;quot;False_Easting&amp;quot;,500000.0],PARAMETER[&amp;quot;False_Northing&amp;quot;,0.0],PARAMETER[&amp;quot;Central_Meridian&amp;quot;,-111.0],PARAMETER[&amp;quot;Scale_Factor&amp;quot;,0.9996],PARAMETER[&amp;quot;Latitude_Of_Origin&amp;quot;,0.0],UNIT[&amp;quot;Meter&amp;quot;,1.0],AUTHORITY[&amp;quot;EPSG&amp;quot;,26912]]&lt;/WKT&gt;&lt;XOrigin&gt;-5120900&lt;/XOrigin&gt;&lt;YOrigin&gt;-9998100&lt;/YOrigin&gt;&lt;XYScale&gt;450445547.3910538&lt;/XYScale&gt;&lt;ZOrigin&gt;-100000&lt;/ZOrigin&gt;&lt;ZScale&gt;10000&lt;/ZScale&gt;&lt;MOrigin&gt;-100000&lt;/MOrigin&gt;&lt;MScale&gt;10000&lt;/MScale&gt;&lt;XYTolerance&gt;0.001&lt;/XYTolerance&gt;&lt;ZTolerance&gt;0.001&lt;/ZTolerance&gt;&lt;MTolerance&gt;0.001&lt;/MTolerance&gt;&lt;HighPrecision&gt;true&lt;/HighPrecision&gt;&lt;WKID&gt;26912&lt;/WKID&gt;&lt;LatestWKID&gt;26912&lt;/LatestWKID&gt;&lt;/ProjectedCoordinateSystem&gt;</peXml></coordRef></DataProperties><SyncDate>20170906</SyncDate><SyncTime>11445500</SyncTime><ModDate>20170906</ModDate><ModTime>11445500</ModTime><ArcGISstyle>FGDC CSDGM Metadata</ArcGISstyle><scaleRange><minScale>150000000</minScale><maxScale>5000</maxScale></scaleRange><ArcGISProfile>ItemDescription</ArcGISProfile></Esri><dataIdInfo><envirDesc Sync="TRUE">Microsoft Windows 7 Version 6.1 (Build 7601) Service Pack 1; Esri ArcGIS 10.3.1.4959</envirDesc><dataLang><languageCode value="eng" Sync="TRUE"/><countryCode value="USA" Sync="TRUE"/></dataLang><idCitation><resTitle Sync="TRUE">OilGasWells_DownHoles</resTitle><presForm><PresFormCd value="005" Sync="TRUE"/></presForm></idCitation><spatRpType><SpatRepTypCd value="001" Sync="TRUE"/></spatRpType><dataExt><geoEle xmlns=""><GeoBndBox esriExtentType="search"><exTypeCode Sync="TRUE">1</exTypeCode><westBL Sync="TRUE">-114.158653</westBL><eastBL Sync="TRUE">-108.906176</eastBL><northBL Sync="TRUE">42.005699</northBL><southBL Sync="TRUE">36.975799</southBL></GeoBndBox></geoEle></dataExt><idPurp>Depict Oil and Gas Bottom Hole Points for horizontallly drilled wells only. This dataset is updated nightly through a database connection with DNR-OGM. Bottom hole points located more than 2000 meters from their surface well location are excluded from this dataset as potential data errors.</idPurp><idAbs>&lt;DIV STYLE="text-align:Left;"&gt;&lt;DIV&gt;&lt;P&gt;&lt;SPAN&gt;Utah Oil and Gas Well Bottom Hole Points for horizontallly drilled wells only. From the Utah Department of Natural Resources, Oil Gas and Mining Division. http://ogm.utah.gov ArcSDE content updated nightly. File and Folder system dates indicate date of export from SDE. More information at: http://gis.utah.gov/data/energy/oil-gas/&lt;/SPAN&gt;&lt;/P&gt;&lt;/DIV&gt;&lt;/DIV&gt;</idAbs><searchKeys><keyword>oil</keyword><keyword>gas</keyword><keyword>well</keyword><keyword>mining</keyword><keyword>natural resources</keyword><keyword>lease</keyword><keyword>extraction</keyword><keyword>bottom</keyword><keyword>hole</keyword><keyword>horizontal</keyword><keyword>drilling</keyword></searchKeys></dataIdInfo><mdLang><languageCode value="eng" Sync="TRUE"/><countryCode value="USA" Sync="TRUE"/></mdLang><distInfo><distFormat><formatName Sync="TRUE">Shapefile</formatName></distFormat><distTranOps><transSize Sync="TRUE">0.000</transSize></distTranOps></distInfo><mdHrLv><ScopeCd value="005" Sync="TRUE"/></mdHrLv><mdHrLvName Sync="TRUE">dataset</mdHrLvName><refSysInfo><RefSystem><refSysID><identCode code="26912" Sync="TRUE"/><idCodeSpace Sync="TRUE">EPSG</idCodeSpace><idVersion Sync="TRUE">8.6.2</idVersion></refSysID></RefSystem></refSysInfo><spatRepInfo><VectSpatRep><geometObjs Name="OilGasWells_DownHoles"><geoObjTyp><GeoObjTypCd value="004" Sync="TRUE"></GeoObjTypCd></geoObjTyp><geoObjCnt Sync="TRUE">0</geoObjCnt></geometObjs><topLvl><TopoLevCd value="001" Sync="TRUE"></TopoLevCd></topLvl></VectSpatRep></spatRepInfo><spdoinfo><ptvctinf><esriterm Name="OilGasWells_DownHoles"><efeatyp Sync="TRUE">Simple</efeatyp><efeageom code="1" Sync="TRUE"></efeageom><esritopo Sync="TRUE">FALSE</esritopo><efeacnt Sync="TRUE">0</efeacnt><spindex Sync="TRUE">FALSE</spindex><linrefer Sync="TRUE">FALSE</linrefer></esriterm></ptvctinf></spdoinfo><eainfo><detailed Name="OilGasWells_DownHoles"><enttyp><enttypl Sync="TRUE">OilGasWells_DownHoles</enttypl><enttypt Sync="TRUE">Feature Class</enttypt><enttypc Sync="TRUE">0</enttypc></enttyp><attr><attrlabl Sync="TRUE">FID</attrlabl><attalias Sync="TRUE">FID</attalias><attrtype Sync="TRUE">OID</attrtype><attwidth Sync="TRUE">4</attwidth><atprecis Sync="TRUE">0</atprecis><attscale Sync="TRUE">0</attscale><attrdef Sync="TRUE">Internal feature number.</attrdef><attrdefs Sync="TRUE">Esri</attrdefs><attrdomv><udom Sync="TRUE">Sequential unique whole numbers that are automatically generated.</udom></attrdomv></attr><attr><attrlabl Sync="TRUE">LocID</attrlabl><attalias Sync="TRUE">LocID</attalias><attrtype Sync="TRUE">Integer</attrtype><attwidth Sync="TRUE">10</attwidth><atprecis Sync="TRUE">10</atprecis><attscale Sync="TRUE">0</attscale></attr><attr><attrlabl Sync="TRUE">API</attrlabl><attalias Sync="TRUE">API</attalias><attrtype Sync="TRUE">String</attrtype><attwidth Sync="TRUE">32</attwidth><atprecis Sync="TRUE">0</atprecis><attscale Sync="TRUE">0</attscale></attr><attr><attrlabl Sync="TRUE">LocType</attrlabl><attalias Sync="TRUE">LocType</attalias><attrtype Sync="TRUE">String</attrtype><attwidth Sync="TRUE">10</attwidth><atprecis Sync="TRUE">0</atprecis><attscale Sync="TRUE">0</attscale></attr><attr><attrlabl Sync="TRUE">ConstructN</attrlabl><attalias Sync="TRUE">ConstructN</attalias><attrtype Sync="TRUE">SmallInteger</attrtype><attwidth Sync="TRUE">5</attwidth><atprecis Sync="TRUE">5</atprecis><attscale Sync="TRUE">0</attscale></attr><attr><attrlabl Sync="TRUE">ConstructT</attrlabl><attalias Sync="TRUE">ConstructT</attalias><attrtype Sync="TRUE">String</attrtype><attwidth Sync="TRUE">11</attwidth><atprecis Sync="TRUE">0</atprecis><attscale Sync="TRUE">0</attscale></attr><attr><attrlabl Sync="TRUE">ConstructS</attrlabl><attalias Sync="TRUE">ConstructS</attalias><attrtype Sync="TRUE">String</attrtype><attwidth Sync="TRUE">20</attwidth><atprecis Sync="TRUE">0</atprecis><attscale Sync="TRUE">0</attscale></attr><attr><attrlabl Sync="TRUE">Depth</attrlabl><attalias Sync="TRUE">Depth</attalias><attrtype Sync="TRUE">Double</attrtype><attwidth Sync="TRUE">19</attwidth><atprecis Sync="TRUE">18</atprecis><attscale Sync="TRUE">8</attscale></attr><attr><attrlabl Sync="TRUE">ElevationT</attrlabl><attalias Sync="TRUE">ElevationT</attalias><attrtype Sync="TRUE">String</attrtype><attwidth Sync="TRUE">50</attwidth><atprecis Sync="TRUE">0</atprecis><attscale Sync="TRUE">0</attscale></attr><attr><attrlabl Sync="TRUE">Latitude</attrlabl><attalias Sync="TRUE">Latitude</attalias><attrtype Sync="TRUE">Double</attrtype><attwidth Sync="TRUE">19</attwidth><atprecis Sync="TRUE">18</atprecis><attscale Sync="TRUE">8</attscale></attr><attr><attrlabl Sync="TRUE">Longitude</attrlabl><attalias Sync="TRUE">Longitude</attalias><attrtype Sync="TRUE">Double</attrtype><attwidth Sync="TRUE">19</attwidth><atprecis Sync="TRUE">18</atprecis><attscale Sync="TRUE">8</attscale></attr><attr><attrlabl Sync="TRUE">CoordsBH_N</attrlabl><attalias Sync="TRUE">CoordsBH_N</attalias><attrtype Sync="TRUE">Double</attrtype><attwidth Sync="TRUE">19</attwidth><atprecis Sync="TRUE">18</atprecis><attscale Sync="TRUE">8</attscale></attr><attr><attrlabl Sync="TRUE">CoordsBH_E</attrlabl><attalias Sync="TRUE">CoordsBH_E</attalias><attrtype Sync="TRUE">Double</attrtype><attwidth Sync="TRUE">19</attwidth><atprecis Sync="TRUE">18</atprecis><attscale Sync="TRUE">8</attscale></attr><attr><attrlabl Sync="TRUE">UTMZone</attrlabl><attalias Sync="TRUE">UTMZone</attalias><attrtype Sync="TRUE">String</attrtype><attwidth Sync="TRUE">2</attwidth><atprecis Sync="TRUE">0</atprecis><attscale Sync="TRUE">0</attscale></attr><attr><attrlabl Sync="TRUE">FootageNS</attrlabl><attalias Sync="TRUE">FootageNS</attalias><attrtype Sync="TRUE">Integer</attrtype><attwidth Sync="TRUE">10</attwidth><atprecis Sync="TRUE">10</atprecis><attscale Sync="TRUE">0</attscale></attr><attr><attrlabl Sync="TRUE">Dir_NS</attrlabl><attalias Sync="TRUE">Dir_NS</attalias><attrtype Sync="TRUE">String</attrtype><attwidth Sync="TRUE">12</attwidth><atprecis Sync="TRUE">0</atprecis><attscale Sync="TRUE">0</attscale></attr><attr><attrlabl Sync="TRUE">FootageEW</attrlabl><attalias Sync="TRUE">FootageEW</attalias><attrtype Sync="TRUE">Integer</attrtype><attwidth Sync="TRUE">10</attwidth><atprecis Sync="TRUE">10</atprecis><attscale Sync="TRUE">0</attscale></attr><attr><attrlabl Sync="TRUE">Dir_EW</attrlabl><attalias Sync="TRUE">Dir_EW</attalias><attrtype Sync="TRUE">String</attrtype><attwidth Sync="TRUE">12</attwidth><atprecis Sync="TRUE">0</atprecis><attscale Sync="TRUE">0</attscale></attr><attr><attrlabl Sync="TRUE">QtrQtr</attrlabl><attalias Sync="TRUE">QtrQtr</attalias><attrtype Sync="TRUE">String</attrtype><attwidth Sync="TRUE">12</attwidth><atprecis Sync="TRUE">0</atprecis><attscale Sync="TRUE">0</attscale></attr><attr><attrlabl Sync="TRUE">Section</attrlabl><attalias Sync="TRUE">Section</attalias><attrtype Sync="TRUE">SmallInteger</attrtype><attwidth Sync="TRUE">5</attwidth><atprecis Sync="TRUE">5</atprecis><attscale Sync="TRUE">0</attscale></attr><attr><attrlabl Sync="TRUE">Township</attrlabl><attalias Sync="TRUE">Township</attalias><attrtype Sync="TRUE">Double</attrtype><attwidth Sync="TRUE">19</attwidth><atprecis Sync="TRUE">18</atprecis><attscale Sync="TRUE">8</attscale></attr><attr><attrlabl Sync="TRUE">Range</attrlabl><attalias Sync="TRUE">Range</attalias><attrtype Sync="TRUE">Double</attrtype><attwidth Sync="TRUE">19</attwidth><atprecis Sync="TRUE">18</atprecis><attscale Sync="TRUE">8</attscale></attr><attr><attrlabl Sync="TRUE">TownshipDi</attrlabl><attalias Sync="TRUE">TownshipDi</attalias><attrtype Sync="TRUE">String</attrtype><attwidth Sync="TRUE">1</attwidth><atprecis Sync="TRUE">0</atprecis><attscale Sync="TRUE">0</attscale></attr><attr><attrlabl Sync="TRUE">RangeDir</attrlabl><attalias Sync="TRUE">RangeDir</attalias><attrtype Sync="TRUE">String</attrtype><attwidth Sync="TRUE">1</attwidth><atprecis Sync="TRUE">0</atprecis><attscale Sync="TRUE">0</attscale></attr><attr><attrlabl Sync="TRUE">Meridian</attrlabl><attalias Sync="TRUE">Meridian</attalias><attrtype Sync="TRUE">String</attrtype><attwidth Sync="TRUE">30</attwidth><atprecis Sync="TRUE">0</atprecis><attscale Sync="TRUE">0</attscale></attr><attr><attrlabl Sync="TRUE">County</attrlabl><attalias Sync="TRUE">County</attalias><attrtype Sync="TRUE">Integer</attrtype><attwidth Sync="TRUE">10</attwidth><atprecis Sync="TRUE">10</atprecis><attscale Sync="TRUE">0</attscale></attr><attr><attrlabl Sync="TRUE">SHAPE</attrlabl><attalias Sync="TRUE">Shape</attalias><attrtype Sync="TRUE">Geometry</attrtype><attwidth Sync="TRUE">0</attwidth><atprecis Sync="TRUE">0</atprecis><attscale Sync="TRUE">0</attscale><attrdef Sync="TRUE">Feature geometry.</attrdef><attrdefs Sync="TRUE">Esri</attrdefs><attrdomv><udom Sync="TRUE">Coordinates defining the features.</udom></attrdomv></attr></detailed></eainfo><mdDateSt Sync="TRUE">20170906</mdDateSt></metadata>
